Index,BPI,teamrankings,scheduled,abbr team,abbr,class
1,AIR FORCE,Air Force,Air Force Falcons,Air Force,AFA,DIVISION 1  FBS
2,AKRON,Akron,Akron Zips,Akron,AKR,DIVISION 1  FBS
3,ALABAMA,Alabama,Alabama Crimson Tide,Alabama,ALA,DIVISION 1  FBS
4,ALABAMA-BIRMINGHAM,UAB,UAB Blazers,ALABAMA-BIRMINGHAM,UAB,DIVISION 1  FBS
5,APPALACHIAN STATE,App State,Appalachian State Mountaineers,Appalachian State,APP,DIVISION 1  FBS
6,ARIZONA,Arizona,Arizona Wildcats,Arizona,ARIZ,DIVISION 1  FBS
7,ARIZONA STATE,Arizona St,Arizona State Sun Devils,Arizona State,ASU,DIVISION 1  FBS
8,ARKANSAS,Arkansas,Arkansas Razorbacks,Arkansas,ARK,DIVISION 1  FBS
9,ARKANSAS STATE,Arkansas St,Arkansas State Red Wolves,Arkansas State,ARKST,DIVISION 1  FBS
10,ARMY,Army,Army Knights,Army,ARMY,DIVISION 1  FBS
11,AUBURN,Auburn,Auburn Tigers,Auburn,AUB,DIVISION 1  FBS
12,BALL STATE,Ball State,Ball State Cardinals,Ball State,BALL,DIVISION 1  FBS
13,BAYLOR,Baylor,Baylor Bears,Baylor,BAY,DIVISION 1  FBS
14,BOISE,Boise State,Boise State Broncos,Boise State,BSU,DIVISION 1  FBS
15,BOSTON COLLEGE,Boston Col,Boston College Eagles,Boston College,BC,DIVISION 1  FBS
16,BOWLING GREEN,Bowling Grn,Bowling Green Falcons,Bowling Green,BGSU,DIVISION 1  FBS
17,BRIGHAM YOUNG,BYU,BYU Cougars,?,?,DIVISION 1  FBS
18,BUFFALO,Buffalo,Buffalo Bulls,Buffalo,BUFF,DIVISION 1  FBS
19,CALIFORNIA,California,California Golden Bears,?,?,DIVISION 1  FBS
20,CENTRAL FLORIDA,Central FL,UCF Knights,UCF,UCF,DIVISION 1  FBS
21,CENTRAL MICHIGAN,Central Mich,Central Michigan Chippewas,Central Michigan,CMU,DIVISION 1  FBS
22,CINCINNATI,Cincinnati,Cincinnati Bearcats,Cincinnati,CIN,DIVISION 1  FBS
23,CLEMSON,Clemson,Clemson Tigers,Clemson,CLEM,DIVISION 1  FBS
24,COASTAL CAROLINA,Coastal Car,Coastal Carolina Chanticleers,Coastal Carolina,CCU,DIVISION 1  FBS
25,COLORADO,Colorado,Colorado Buffaloes,Colorado,COLO,DIVISION 1  FBS
26,COLORADO STATE,Colorado St,Colorado State Rams,Colorado State,CSU,DIVISION 1  FBS
27,CONNECTICUT,Connecticut,UConn Huskies,UConn,CONN,DIVISION 1  FBS
28,DUKE,Duke,Duke Blue Devils,Duke,DUKE,DIVISION 1  FBS
29,EAST CAROLINA,E Carolina,East Carolina Pirates,?,?,DIVISION 1  FBS
30,EASTERN MICHIGAN,E Michigan,Eastern Michigan Eagles,Eastern Michigan,EMU,DIVISION 1  FBS
31,FLORIDA,Florida,Florida Gators,Florida,FLA,DIVISION 1  FBS
32,FLORIDA ATLANTIC,Fla Atlantic,Florida Atlantic Owls,FAU,FAU,DIVISION 1  FBS
33,FLORIDA INTERNATIONAL,Florida Intl,Florida Intl Golden Panthers,?,?,DIVISION 1  FBS
34,FLORIDA STATE,Florida St,Florida State Seminoles,Florida State,FSU,DIVISION 1  FBS
35,FRESNO STATE,Fresno St,Fresno State Bulldogs,Fresno State,FRES,DIVISION 1  FBS
36,GEORGIA,Georgia,Georgia Bulldogs,Georgia,UGA,DIVISION 1  FBS
37,GEORGIA SOUTHERN,GA Southern,Georgia Southern Eagles,Georgia Southern,GASO,DIVISION 1  FBS
38,GEORGIA STATE,Georgia State,Georgia State Panthers,Georgia State,GAST,DIVISION 1  FBS
39,GEORGIA TECH,GA Tech,Georgia Tech Yellow Jackets,Georgia Tech,GT,DIVISION 1  FBS
40,HAWAI’I,Hawaii,?,Hawaii,HAW,DIVISION 1  FBS
41,HOUSTON,Houston,Houston Cougars,Houston,HOU,DIVISION 1  FBS
42,ILLINOIS,Illinois,?,Illinois,ILL,DIVISION 1  FBS
43,INDIANA,Indiana,Indiana Hoosiers,Indiana,IND,DIVISION 1  FBS
44,IOWA,Iowa,Iowa Hawkeyes,Iowa,IOWA,DIVISION 1  FBS
45,IOWA STATE,Iowa State,Iowa State Cyclones,Iowa State,ISU,DIVISION 1  FBS
46,KANSAS,Kansas,Kansas Jayhawks,Kansas,KU,DIVISION 1  FBS
47,KANSAS STATE,Kansas St,Kansas State Wildcats,Kansas State,KSU,DIVISION 1  FBS
48,KENT STATE,Kent State,Kent State Golden Flashes,Kent State,KENT,DIVISION 1  FBS
49,KENTUCKY,Kentucky,?,Kentucky,UK,DIVISION 1  FBS
50,LA-LAFAYETTE,LA Lafayette,?,Louisiana Lafayette,ULL,DIVISION 1  FBS
51,LA-MONROE,LA Monroe,UL Monroe Warhawks,Louisiana Monroe,ULM,DIVISION 1  FBS
52,LIBERTY,Liberty,Liberty Flames,Liberty,LIB,DIVISION 1  FBS
53,LOUISIANA STATE,LSU,LSU Tigers,LSU,LSU,DIVISION 1  FBS
54,LOUISIANA TECH,LA Tech,Louisiana Tech Bulldogs,Louisiana Tech,LT,DIVISION 1  FBS
55,LOUISVILLE,Louisville,Louisville Cardinals,Louisville,LOU,DIVISION 1  FBS
56,MARSHALL,Marshall,Marshall Thundering Herd,Marshall,MRSH,DIVISION 1  FBS
57,MARYLAND,Maryland,Maryland Terrapins,Maryland,MD,DIVISION 1  FBS
58,MASSACHUSETTS,U Mass,UMass Minutemen,UMass,UMASS,DIVISION 1  FBS
59,MEMPHIS,Memphis,Memphis Tigers,Memphis,MEM,DIVISION 1  FBS
60,MIAMI OF OHIO,Miami (OH),Miami (OH) RedHawks,Miami (OH),M-OH,DIVISION 1  FBS
61,MIAMI-FL,Miami (FL),Miami Hurricanes,Miami (FL),MIAMI,DIVISION 1  FBS
62,MICHIGAN,Michigan,Michigan Wolverines,Michigan,MICH,DIVISION 1  FBS
63,MICHIGAN STATE,Michigan St,Michigan State Spartans,Michigan State,MSU,DIVISION 1  FBS
64,MIDDLE TENNESSEE STATE,Middle Tenn,Middle Tennessee Blue Raiders,Middle Tennessee,MTSU,DIVISION 1  FBS
65,MINNESOTA,Minnesota,Minnesota Golden Gophers,Minnesota,MINN,DIVISION 1  FBS
66,MISSISSIPPI,Mississippi,Ole Miss Rebels,?,?,DIVISION 1  FBS
67,MISSISSIPPI STATE,Miss State,Mississippi State Bulldogs,Mississippi State,MSST,DIVISION 1  FBS
68,MISSOURI,Missouri,Missouri Tigers,Missouri,MIZ,DIVISION 1  FBS
69,NAVY,Navy,Navy Midshipmen,Navy,NAVY,DIVISION 1  FBS
70,NEBRASKA,Nebraska,Nebraska Cornhuskers,Nebraska,NEB,DIVISION 1  FBS
71,NEVADA,Nevada,Nevada Wolf Pack,Nevada,NEV,DIVISION 1  FBS
72,NEVADA-LAS VEGAS,UNLV,UNLV Rebels,UNLV,UNLV,DIVISION 1  FBS
73,NEW MEXICO,New Mexico,New Mexico Lobos,New Mexico,UNM,DIVISION 1  FBS
74,NEW MEXICO STATE,N Mex State,New Mexico State Aggies,New Mexico State,NMSU,DIVISION 1  FBS
75,NO. CAROLINA STATE,NC State,NC State Wolfpack,NC State,NCST,DIVISION 1  FBS
76,NORTH CAROLINA,N Carolina,North Carolina Tar Heels,North Carolina,UNC,DIVISION 1  FBS
77,NORTH TEXAS,North Texas,North Texas Mean Green,North Texas,UNT,DIVISION 1  FBS
78,NORTHERN ILLINOIS,N Illinois,Northern Illinois Huskies,Northern Illinois,NIU,DIVISION 1  FBS
79,NORTHWESTERN,Northwestern,Northwestern Wildcats,Northwestern,NW,DIVISION 1  FBS
80,NOTRE DAME,Notre Dame,?,Notre Dame,ND,DIVISION 1  FBS
81,OHIO STATE,Ohio State,Ohio State Buckeyes,Ohio State,OSU,DIVISION 1  FBS
82,OHIO UNIV.,Ohio,Ohio Bobcats,Ohio,OHIO,DIVISION 1  FBS
83,OKLAHOMA,Oklahoma,Oklahoma Sooners,Oklahoma,OKLA,DIVISION 1  FBS
84,OKLAHOMA STATE,Oklahoma St,Oklahoma State Cowboys,Oklahoma State,OKST,DIVISION 1  FBS
85,OLD DOMINION,Old Dominion,Old Dominion Monarchs,Old Dominion,ODU,DIVISION 1  FBS
86,OREGON,Oregon,Oregon Ducks,Oregon,ORE,DIVISION 1  FBS
87,OREGON STATE,Oregon St,Oregon State Beavers,Oregon State,ORST,DIVISION 1  FBS
88,PENN STATE,Penn State,Penn State Nittany Lions,Penn State,PSU,DIVISION 1  FBS
89,PITTSBURGH,Pittsburgh,Pittsburgh Panthers,Pittsburgh,PITT,DIVISION 1  FBS
90,PURDUE,Purdue,Purdue Boilermakers,Purdue,PUR,DIVISION 1  FBS
91,RICE,Rice,Rice Owls,Rice,RICE,DIVISION 1  FBS
92,RUTGERS,Rutgers,Rutgers Scarlet Knights,Rutgers,RUTG,DIVISION 1  FBS
93,SAN DIEGO STATE,San Diego St,San Diego State Aztecs,San Diego State,SDSU,DIVISION 1  FBS
94,SAN JOSE STATE,San Jose St,San Jose State Spartans,San José State,SJSU,DIVISION 1  FBS
95,SOUTH ALABAMA,S Alabama,South Alabama Jaguars,South Alabama,USA,DIVISION 1  FBS
96,SOUTH CAROLINA,S Carolina,South Carolina Gamecocks,South Carolina,SC,DIVISION 1  FBS
97,SOUTH FLORIDA,S Florida,South Florida Bulls,South Florida,USF,DIVISION 1  FBS
98,SOUTHERN MISSISSIPPI,S Mississippi,Southern Mississippi Golden Eagles,Southern Miss,USM,DIVISION 1  FBS
99,SOUTHERN CALIFORNIA,USC,USC Trojans,USC,USC,DIVISION 1  FBS
100,SOUTHERN METHODIST,S Methodist,SMU Mustangs,SMU,SMU,DIVISION 1  FBS
101,STANFORD,Stanford,Stanford Cardinal,Stanford,STAN,DIVISION 1  FBS
102,SYRACUSE,Syracuse,Syracuse Orange,Syracuse,SYR,DIVISION 1  FBS
103,TEMPLE,Temple,Temple Owls,Temple,TEM,DIVISION 1  FBS
104,TENNESSEE,Tennessee,Tennessee Volunteers,Tennessee,TENN,DIVISION 1  FBS
105,TEXAS,Texas,Texas Longhorns,Texas,TEX,DIVISION 1  FBS
106,TEXAS STATE-SAN MARCOS,Texas State,Texas State Bobcats,Texas State,TXST,DIVISION 1  FBS
107,TEXAS A&M,Texas A&M,Texas A&M Aggies,Texas A&M,TA&M,DIVISION 1  FBS
108,TEXAS CHRISTIAN,TX Christian,TCU Horned Frogs,TCU,TCU,DIVISION 1  FBS
109,TEXAS TECH,Texas Tech,Texas Tech Red Raiders,Texas Tech,TTU,DIVISION 1  FBS
110,TEXAS-EL PASO,TX El Paso,UTEP Miners,UTEP,UTEP,DIVISION 1  FBS
111,TEXAS-SAN ANTONIO,TX-San Ant,UTSA Roadrunners,UTSA,UTSA,DIVISION 1  FBS
112,TOLEDO,Toledo,Toledo Rockets,Toledo,TOL,DIVISION 1  FBS
113,TROY STATE,Troy,Troy Trojans,Troy,TROY,DIVISION 1  FBS
114,TULANE,Tulane,Tulane Green Wave,Tulane,TULN,DIVISION 1  FBS
115,TULSA,Tulsa,Tulsa Golden Hurricane,Tulsa,TLSA,DIVISION 1  FBS
116,U.C.L.A.,UCLA,UCLA Bruins,UCLA,UCLA,DIVISION 1  FBS
117,UNC - CHARLOTTE,Charlotte,Charlotte 49ers,Charlotte,CHAR,DIVISION 1  FBS
118,UTAH,Utah,Utah Utes,Utah,UTAH,DIVISION 1  FBS
119,UTAH STATE,Utah State,Utah State Aggies,Utah State,USU,DIVISION 1  FBS
120,VANDERBILT,Vanderbilt,Vanderbilt Commodores,Vanderbilt,VAN,DIVISION 1  FBS
121,VIRGINIA,Virginia,Virginia Cavaliers,Virginia,UVA,DIVISION 1  FBS
122,VIRGINIA TECH,VA Tech,Virginia Tech Hokies,Virginia Tech,VT,DIVISION 1  FBS
123,WAKE FOREST,Wake Forest,Wake Forest Demon Deacons,Wake Forest,WAKE,DIVISION 1  FBS
124,WASHINGTON,Washington,Washington Huskies,Washington,WASH,DIVISION 1  FBS
125,WASHINGTON STATE,Wash State,Washington State Cougars,Washington State,WSU,DIVISION 1  FBS
126,WEST VIRGINIA,W Virginia,?,West Virginia,WVU,DIVISION 1  FBS
127,WESTERN KENTUCKY,W Kentucky,Western Kentucky Hilltoppers,?,?,DIVISION 1  FBS
128,WESTERN MICHIGAN,W Michigan,Western Michigan Broncos,Western Michigan,WMU,DIVISION 1  FBS
129,WISCONSIN,Wisconsin,Wisconsin Badgers,Wisconsin,WIS,DIVISION 1  FBS
130,WYOMING,Wyoming,Wyoming Cowboys,Wyoming,WYO,DIVISION 1  FBS
131,ADAMS STATE,?,?,?,?,DIVISION 2
132,ALBANY STATE-GEORGIA,?,?,?,?,DIVISION 2
133,ALDERSON-BROADDUS,?,?,?,?,DIVISION 2
134,AMERICAN INTERNATIONAL,?,?,?,?,DIVISION 2
135,ANGELO STATE,?,?,?,?,DIVISION 2
136,ARKANSAS TECH,?,?,?,?,DIVISION 2
137,ARKANSAS-MONTICELLO,?,?,?,?,DIVISION 2
138,ASHLAND UNIVERSITY,?,?,?,?,DIVISION 2
139,ASSUMPTION COLLEGE,?,?,?,?,DIVISION 2
140,AUGUSTANA-S.D.,?,?,?,?,DIVISION 2
141,AZUSA PACIFIC,?,?,?,?,DIVISION 2
142,BEMIDJI STATE,?,?,?,?,DIVISION 2
143,BENEDICT-S.C,?,?,?,?,DIVISION 2
144,BENTLEY COLLEGE,?,?,?,?,DIVISION 2
145,BLACK HILLS STATE,?,?,?,?,DIVISION 2
146,BLOOMSBURG UNIVERSITY,?,?,?,?,DIVISION 2
147,BOWIE STATE,?,?,?,?,DIVISION 2
148,CALIFORNIA-PA.,?,?,?,?,DIVISION 2
149,CARSON-NEWMAN,?,?,?,?,DIVISION 2
150,CATAWBA COLLEGE,?,?,?,?,DIVISION 2
151,CENTRAL MISSOURI STATE,?,?,?,?,DIVISION 2
152,CENTRAL OKLAHOMA,?,?,?,?,DIVISION 2
153,CENTRAL STATE – OHIO,?,?,?,?,DIVISION 2
154,CENTRAL WASHINGTON,?,?,?,?,DIVISION 2
155,CHADRON STATE,?,?,?,?,DIVISION 2
156,CHARLESTON-WEST VIRGINIA,?,?,?,?,DIVISION 2
157,CHOWAN COLLEGE,?,?,?,?,DIVISION 2
158,CLARION,?,?,?,?,DIVISION 2
159,CLARK-ATLANTA,?,?,?,?,DIVISION 2
160,COLORADO MINES,?,?,?,?,DIVISION 2
161,COLORADO ST- PUEBLO,?,?,?,?,DIVISION 2
162,CONCORD COLLEGE,?,?,?,?,DIVISION 2
163,CONCORDIA STATE-ST.PAUL,?,?,?,?,DIVISION 2
164,CROOKSTON-MINNESOTA,?,?,?,?,DIVISION 2
165,DAVENPORT MI,?,?,?,?,DIVISION 2
166,DELTA STATE,?,?,?,?,DIVISION 2
167,DIXIE STATE-UTAH,?,?,?,?,DIVISION 2
168,DULUTH-MINNESOTA,?,?,?,?,DIVISION 2
169,EAST CENTRAL-OKLAHOMA,?,?,?,?,DIVISION 2
170,EAST STROUDSBURG,?,?,?,?,DIVISION 2
171,EASTERN NEW MEXICO,?,?,?,?,DIVISION 2
172,EDINBORO UNIVERSITY,?,?,?,?,DIVISION 2
173,ELIZABETH CITY STATE,?,?,?,?,DIVISION 2
174,EMPORIA STATE,?,?,?,?,DIVISION 2
175,FAIRMONT STATE,?,?,Sacramento State,SAC,DIVISION 2
176,FAYETTEVILLE STATE,?,?,?,?,DIVISION 2
177,FERRIS STATE,?,?,?,?,DIVISION 2
178,FINDLAY,?,?,?,?,DIVISION 2
179,FLORIDA TECH,?,?,?,?,DIVISION 2
180,FORT HAYS STATE,?,?,?,?,DIVISION 2
181,FORT LEWIS,?,?,Ole Miss,MISS,DIVISION 2
182,FORT VALLEY STATE,?,?,?,?,DIVISION 2
183,GANNON,?,?,?,?,DIVISION 2
184,GLENVILLE STATE,?,?,?,?,DIVISION 2
185,GRAND VALLEY STATE,?,Grand Valley State Lakers,?,?,DIVISION 2
186,HARDING,?,?,?,?,DIVISION 2
187,HENDERSON STATE,?,?,?,?,DIVISION 2
188,HILLSDALE COLLEGE,?,?,?,?,DIVISION 2
189,HUMBOLDT STATE,?,?,?,?,DIVISION 2
190,INDIANA-PA.,?,?,?,?,DIVISION 2
191,INDIANAPOLIS,?,?,?,?,DIVISION 2
192,JOHNSON C. SMITH,?,?,?,?,DIVISION 2
193,KENTUCKY STATE,?,Kentucky Wildcats,?,?,DIVISION 2
194,KENTUCKY WESLEYAN,?,?,?,?,DIVISION 2
195,KUTZTOWN UNIVERSITY,?,?,?,?,DIVISION 2
196,L.I.U. - POST,?,?,?,?,DIVISION 2
197,LAKE ERIE,?,?,?,?,DIVISION 2
198,LANE COLLEGE,?,?,?,?,DIVISION 2
199,LENOIR-RHYNE,?,?,?,?,DIVISION 2
200,LIMESTONE,?,?,?,?,DIVISION 2
201,LINCOLN-MO.,?,?,?,?,DIVISION 2
202,LINCOLN-PA,?,?,?,?,DIVISION 2
203,LINDENWOOD - MO,?,?,?,?,DIVISION 2
204,LIVINGSTONE COLLEGE,?,?,?,?,DIVISION 2
205,LOCK HAVEN,?,?,?,?,DIVISION 2
206,MALONE,?,?,?,?,DIVISION 2
207,MARS HILL,?,?,?,?,DIVISION 2
208,MARY,?,?,?,?,DIVISION 2
209,McKENDREE,?,?,?,?,DIVISION 2
210,MERCYHURST,?,?,?,?,DIVISION 2
211,MERRIMACK,?,?,?,?,DIVISION 2
212,MESA STATE-COLORADO,?,?,?,?,DIVISION 2
213,MICHIGAN TECH,?,?,?,?,DIVISION 2
214,MIDWESTERN STATE,?,?,?,?,DIVISION 2
215,MILES COLLEGE,?,?,?,?,DIVISION 2
216,MILLERSVILLE,?,?,?,?,DIVISION 2
217,MINNESOTA STATE- MANKATO,?,?,?,?,DIVISION 2
218,MINOT STATE,?,?,?,?,DIVISION 2
219,MISSOURI S&T,?,?,?,?,DIVISION 2
220,MISSOURI SOUTHERN ,?,?,?,?,DIVISION 2
221,MISSOURI WESTERN,?,?,?,?,DIVISION 2
222,MOORHEAD ST.-MINNESOTA,?,?,?,?,DIVISION 2
223,MOREHOUSE COLLEGE,?,?,?,?,DIVISION 2
224,NEBRASKA KEARNEY,?,?,?,?,DIVISION 2
225,NEW HAVEN,?,?,?,?,DIVISION 2
226,NEW MEXICO HIGHLANDS,?,?,?,?,DIVISION 2
227,NEWBERRY,?,?,?,?,DIVISION 2
228,NO. EAST OKLAHOMA ST.,?,?,?,?,DIVISION 2
229,NO.WEST OKLAHOMA,?,?,?,?,DIVISION 2
230,NORTH GREENVILLE-S.C.,?,?,?,?,DIVISION 2
231,NORTHERN MICHIGAN,?,?,?,?,DIVISION 2
232,NORTHERN STATE - SD,?,?,?,?,DIVISION 2
233,NORTHWEST MISSOURI ST.,?,?,?,?,DIVISION 2
234,NORTHWOOD,?,?,?,?,DIVISION 2
235,NOTRE DAME - OHIO,?,Notre Dame Fighting Irish,?,?,DIVISION 2
236,OHIO DOMINICAN,?,?,?,?,DIVISION 2
237,OKLAHOMA BAPTIST,?,?,?,?,DIVISION 2
238,OUACHITA BAPTIST,?,?,?,?,DIVISION 2
239,PACE,?,?,?,?,DIVISION 2
240,PITTSBURG STATE,?,?,?,?,DIVISION 2
241,QUINCY UNIVERSITY,?,?,?,?,DIVISION 2
242,SAGINAW VALLEY STATE,?,?,?,?,DIVISION 2
243,SAINT CLOUD STATE,?,?,?,?,DIVISION 2
244,SETON HILL,?,?,?,?,DIVISION 2
245,SHAW,?,?,?,?,DIVISION 2
246,SHEPHERD COLLEGE,?,?,?,?,DIVISION 2
247,SHIPPENSBURG,?,?,?,?,DIVISION 2
248,SHORTER,?,?,?,?,DIVISION 2
249,SIMON FRASER,?,?,?,?,DIVISION 2
250,SIOUX FALLS,?,?,?,?,DIVISION 2
251,SLIPPERY ROCK,?,?,?,?,DIVISION 2
252,SO. EAST. OKLAHOMA ST.,?,?,?,?,DIVISION 2
253,SO. WEST. OKLAHOMA ST.,?,?,?,?,DIVISION 2
254,SO.WESTERN STATE-MINNE.,?,?,?,?,DIVISION 2
255,SOUTH DAKOTA TECH,?,?,?,?,DIVISION 2
256,SOUTHERN ARKANSAS,?,?,?,?,DIVISION 2
257,SOUTHERN CONNECTICUT,?,?,?,?,DIVISION 2
258,SOUTHERN NAZARENE,?,?,?,?,DIVISION 2
259,SOUTHWEST BAPTIST,?,?,?,?,DIVISION 2
260,ST. AUGUSTINE,?,?,?,?,DIVISION 2
261,ST.ANSELM,?,?,?,?,DIVISION 2
262,STONEHILL COLLEGE,?,?,?,?,DIVISION 2
263,TAMU - COMMERCE,?,?,?,?,DIVISION 2
264,TAMU - KINGSVILLE,?,?,?,?,DIVISION 2
265,TARLETON STATE,?,?,?,?,DIVISION 2
266,TEXAS PERMIAN BASIN,?,?,?,?,DIVISION 2
267,TIFFIN,?,?,?,?,DIVISION 2
268,TRUMAN STATE,?,?,?,?,DIVISION 2
269,TUSCULUM,?,?,?,?,DIVISION 2
270,TUSKEGEE UNIVERSITY,?,?,?,?,DIVISION 2
271,UNC-PEMBROKE,?,?,?,?,DIVISION 2
272,UPPER IOWA,?,?,?,?,DIVISION 2
273,URBANA,?,?,?,?,DIVISION 2
274,VALDOSTA STATE,?,?,?,?,DIVISION 2
275,VIRGINIA STATE,?,?,?,?,DIVISION 2
276,VIRGINIA UNION,?,?,?,?,DIVISION 2
277,VIRGINIA-WISE,?,?,?,?,DIVISION 2
278,WALSH,?,?,?,?,DIVISION 2
279,WASHBURN,?,?,?,?,DIVISION 2
280,WAYNE STATE-MICHIGAN,?,?,?,?,DIVISION 2
281,WAYNE STATE-NEBRASKA,?,?,?,?,DIVISION 2
282,WEST ALABAMA,?,?,?,?,DIVISION 2
283,WEST CHESTER,?,?,?,?,DIVISION 2
284,WEST FLORIDA,?,?,?,?,DIVISION 2
285,WEST GEORGIA,?,?,?,?,DIVISION 2
286,WEST LIBERTY STATE,?,?,?,?,DIVISION 2
287,WEST TEXAS A&M,?,?,?,?,DIVISION 2
288,WEST VIRGINIA STATE,?,West Virginia Mountaineers,?,?,DIVISION 2
289,WEST VIRGINIA WESLEYAN,?,?,?,?,DIVISION 2
290,WESTERN NEW MEXICO,?,?,?,?,DIVISION 2
291,WESTERN OREGON,?,?,?,?,DIVISION 2
292,WESTERN STATE-COLO.,?,?,?,?,DIVISION 2
293,WILLIAM JEWELL,?,?,?,?,DIVISION 2
294,WINGATE,?,?,?,?,DIVISION 2
295,WINONA STATE,?,?,?,?,DIVISION 2
296,WINSTON-SALEM,?,?,?,?,DIVISION 2
297,ADRIAN,?,?,?,?,DIVISION 3
298,ALBION,?,?,?,?,DIVISION 3
299,ALBRIGHT,?,?,?,?,DIVISION 3
300,ALFRED,?,?,?,?,DIVISION 3
301,ALFRED STATE,?,?,?,?,DIVISION 3
302,ALLEGHENY,?,?,?,?,DIVISION 3
303,ALMA,?,?,?,?,DIVISION 3
304,ALVERNIA,?,?,?,?,DIVISION 3
305,AMHERST,?,?,?,?,DIVISION 3
306,ANDERSON,?,?,?,?,DIVISION 3
307,ANNA MARIA,?,?,?,?,DIVISION 3
308,APPRENTICE-NEWPORT NEWS,?,?,?,?,DIVISION 3
309,AUGSBURG,?,?,?,?,DIVISION 3
310,AUGUSTANA-ILL.,?,?,?,?,DIVISION 3
311,AURORA,?,?,?,?,DIVISION 3
312,AUSTIN COLLEGE,?,Stephen F. Austin Lumberjacks,?,?,DIVISION 3
313,AVERETT COLLEGE,?,?,?,?,DIVISION 3
314,BALDWIN-WALLACE,?,?,?,?,DIVISION 3
315,BATES,?,?,?,?,DIVISION 3
316,BECKER,?,?,?,?,DIVISION 3
317,BELHAVEN,?,?,?,?,DIVISION 3
318,BELOIT,?,?,?,?,DIVISION 3
319,BENEDICTINE-ILL.,?,?,?,?,DIVISION 3
320,BERRY,?,?,BYU,BYU,DIVISION 3
321,BETHANY-WEST VIRGINIA,?,?,?,?,DIVISION 3
322,BETHEL-MINNESOTA,?,?,?,?,DIVISION 3
323,BIRMINGHAM-SOUTHERN,?,?,?,?,DIVISION 3
324,BLUFFTON,?,?,?,?,DIVISION 3
325,BOWDOIN,?,?,?,?,DIVISION 3
326,BREVARD -NC,?,?,?,?,DIVISION 3
327,BRIDGEWATER-MASS.,?,?,?,?,DIVISION 3
328,BRIDGEWATER-VA.,?,?,?,?,DIVISION 3
329,BROCKPORT STATE,?,?,?,?,DIVISION 3
330,BUENA VISTA,?,?,?,?,DIVISION 3
331,BUFFALO STATE,?,?,?,?,DIVISION 3
332,CALIFORNIA LUTHERAN,?,?,?,?,DIVISION 3
333,CAPITAL,?,?,Cal,CAL,DIVISION 3
334,CARLETON,?,?,?,?,DIVISION 3
335,CARNEGIE MELLON,?,?,?,?,DIVISION 3
336,CARROLL-WISCONSIN,?,?,?,?,DIVISION 3
337,CARTHAGE,?,?,?,?,DIVISION 3
338,CASE WESTERN,?,?,?,?,DIVISION 3
339,CASTLETON STATE,?,?,?,?,DIVISION 3
340,CATHOLIC UNIVERSITY,?,?,?,?,DIVISION 3
341,CENTRAL COLLEGE-IOWA,?,?,?,?,DIVISION 3
342,CENTRE,?,?,?,?,DIVISION 3
343,CHAPMAN,?,?,?,?,DIVISION 3
344,CHICAGO,?,?,?,?,DIVISION 3
345,CHRISTOPHER NEWPORT,?,?,?,?,DIVISION 3
346,CLAREMONT-MUDD- SCRIPPS,?,?,?,?,DIVISION 3
347,COAST GUARD,?,?,?,?,DIVISION 3
348,COE,?,?,?,?,DIVISION 3
349,COLBY,?,?,Cal Poly,CP,DIVISION 3
350,CONCORDIA- CHICAGO,?,?,?,?,DIVISION 3
351,CONCORDIA WISC.,?,?,?,?,DIVISION 3
352,CONCORDIA-MOORHEAD,?,?,?,?,DIVISION 3
353,CORNELL-IA.,?,?,?,?,DIVISION 3
354,CORTLAND STATE,?,?,?,?,DIVISION 3
355,CROWN,?,?,?,?,DIVISION 3
356,CURRY,?,?,ECU,ECU,DIVISION 3
357,DARTMOUTH-MASS.,?,?,?,?,DIVISION 3
358,DEAN,?,?,?,?,DIVISION 3
359,DEFIANCE,?,?,?,?,DIVISION 3
360,DELAWARE VALLEY,?,?,?,?,DIVISION 3
361,DENISON,?,?,?,?,DIVISION 3
362,DEPAUW,?,?,?,?,DIVISION 3
363,DICKINSON,?,?,?,?,DIVISION 3
364,DUBUQUE,?,?,?,?,DIVISION 3
365,EARLHAM,?,?,?,?,DIVISION 3
366,EAST TEXAS BAPTIST,?,?,?,?,DIVISION 3
367,ELMHURST,?,?,?,?,DIVISION 3
368,EMORY & HENRY,?,?,?,?,DIVISION 3
369,ENDICOTT,?,?,?,?,DIVISION 3
370,EUREKA,?,?,?,?,DIVISION 3
371,F.D.U.- FLORHAM PARK,?,?,?,?,DIVISION 3
372,FERRUM COLLEGE,?,?,?,?,DIVISION 3
373,FINLANDIA,?,?,?,?,DIVISION 3
374,FITCHBURG,?,?,FIU,FIU,DIVISION 3
375,FRAMINGHAM STATE,?,?,Grambling State,GRAM,DIVISION 3
376,FRANKLIN & MARSHALL,?,?,?,?,DIVISION 3
377,FRANKLIN COLLEGE,?,?,?,?,DIVISION 3
378,FROSTBURG,?,?,?,?,DIVISION 3
379,GALLAUDET,?,?,?,?,DIVISION 3
380,GENEVA,?,?,?,?,DIVISION 3
381,GEORGE FOX,?,?,?,?,DIVISION 3
382,GETTYSBURG,?,?,ETSU,ETSU,DIVISION 3
383,GREENSBORO COLLEGE,?,?,?,?,DIVISION 3
384,GREENVILLE,?,?,?,?,DIVISION 3
385,GRINNELL,?,?,?,?,DIVISION 3
386,GROVE CITY,?,?,?,?,DIVISION 3
387,GUILFORD,?,?,?,?,DIVISION 3
388,GUSTAVUS ADOLPHUS,?,?,?,?,DIVISION 3
389,HAMILTON,?,?,?,?,DIVISION 3
390,HAMLINE,?,?,?,?,DIVISION 3
391,HAMPDEN-SYDNEY,?,?,?,?,DIVISION 3
392,HANOVER,?,?,?,?,DIVISION 3
393,HARDIN-SIMMONS,?,Hawaii Rainbow Warriors,?,?,DIVISION 3
394,HARTWICK,?,?,?,?,DIVISION 3
395,HEIDELBERG,?,?,?,?,DIVISION 3
396,HENDRIX,?,?,?,?,DIVISION 3
397,HIRAM,?,?,?,?,DIVISION 3
398,HOBART,?,?,?,?,DIVISION 3
399,HOPE,?,?,?,?,DIVISION 3
400,HOWARD PAYNE,?,?,?,?,DIVISION 3
401,HUNTINGDON-ALA.,?,?,?,?,DIVISION 3
402,HUSSON-MAINE,?,?,?,?,DIVISION 3
403,ILLINOIS COLLEGE,?,Illinois Fighting Illini,?,?,DIVISION 3
404,ILLINOIS WESLEYAN,?,?,?,?,DIVISION 3
405,IOWA-WESLEYAN,?,?,?,?,DIVISION 3
406,ITHACA,?,?,?,?,DIVISION 3
407,JOHN CARROLL,?,?,?,?,DIVISION 3
408,JOHNS HOPKINS,?,?,?,?,DIVISION 3
409,JUNIATA,?,?,?,?,DIVISION 3
410,KALAMAZOO,?,?,?,?,DIVISION 3
411,KEAN,?,?,?,?,DIVISION 3
412,KENYON,?,?,?,?,DIVISION 3
413,KING’S COLLEGE,?,?,?,?,DIVISION 3
414,KNOX,?,?,?,?,DIVISION 3
415,LA VERNE,?,?,?,?,DIVISION 3
416,LAGRANGE,?,?,?,?,DIVISION 3
417,LAKE FOREST,?,?,?,?,DIVISION 3
418,LAKELAND COLLEGE,?,?,?,?,DIVISION 3
419,LAWRENCE,?,?,?,?,DIVISION 3
420,LEBANON VALLEY,?,?,?,?,DIVISION 3
421,LEWIS & CLARK,?,?,?,?,DIVISION 3
422,LINFIELD,?,?,?,?,DIVISION 3
423,LORAS,?,?,?,?,DIVISION 3
424,LOUISIANA COLLEGE,?,Louisiana Ragin Cajuns,LOUISIANA COLLEGE,LC,DIVISION 3
425,LUTHER,?,?,?,?,DIVISION 3
426,LYCOMING,?,?,?,?,DIVISION 3
427,M.I.T.,?,?,?,?,DIVISION 3
428,MACALESTER,?,?,?,?,DIVISION 3
429,MACMURRAY,?,?,?,?,DIVISION 3
430,MAINE MARITIME,?,?,?,?,DIVISION 3
431,MANCHESTER COLLEGE,?,?,?,?,DIVISION 3
432,MARIETTA,?,?,?,?,DIVISION 3
433,MARTIN LUTHER-MN,?,?,?,?,DIVISION 3
434,MARY HARDIN BAYLOR,?,?,?,?,DIVISION 3
435,MARYVILLE COLLEGE,?,?,?,?,DIVISION 3
436,MASS-MARITIME,?,?,?,?,DIVISION 3
437,McDANIEL,?,?,?,?,DIVISION 3
438,McMURRY,?,?,?,?,DIVISION 3
439,MERCHANT MARINE,?,?,?,?,DIVISION 3
440,METHODIST COLLEGE,?,?,?,?,DIVISION 3
441,MIDDLEBURY,?,?,?,?,DIVISION 3
442,MILLIKIN,?,?,?,?,DIVISION 3
443,MILLSAPS,?,?,?,?,DIVISION 3
444,MISERICORDIA,?,?,?,?,DIVISION 3
445,MISSISSIPPI COLLEGE,?,?,?,?,DIVISION 3
446,MONMOUTH-IL,?,Monmouth Hawks,Monmouth,MONM,DIVISION 3
447,MONTCLAIR,?,?,?,?,DIVISION 3
448,MORAVIAN,?,?,?,?,DIVISION 3
449,MORRIS-MINNESOTA,?,?,?,?,DIVISION 3
450,MORRISVILLE STATE - NY,?,?,?,?,DIVISION 3
451,MOUNT SAINT JOSEPH,?,?,?,?,DIVISION 3
452,MOUNT UNION,?,?,?,?,DIVISION 3
453,MUHLENBERG COLLEGE,?,?,?,?,DIVISION 3
454,MUSKINGUM,?,?,?,?,DIVISION 3
455,NEBRASKA WESLEYAN,?,?,?,?,DIVISION 3
456,NEW JERSEY,?,?,?,?,DIVISION 3
457,NICHOLS,?,?,?,?,DIVISION 3
458,NORTH CENTRAL-ILL,?,?,?,?,DIVISION 3
459,NORTH PARK,?,?,?,?,DIVISION 3
460,NORTHWESTERN-MN.,?,?,?,?,DIVISION 3
461,NORWICH,?,?,?,?,DIVISION 3
462,OBERLIN,?,?,?,?,DIVISION 3
463,OCCIDENTAL,?,?,NC Central,NCCU,DIVISION 3
464,OHIO NORTHERN,?,?,?,?,DIVISION 3
465,OHIO WESLYAN,?,?,?,?,DIVISION 3
466,OLIVET,?,?,?,?,DIVISION 3
467,OTTERBEIN,?,?,?,?,DIVISION 3
468,PACIFIC - OR,?,?,?,?,DIVISION 3
469,PACIFIC LUTHERAN,?,?,?,?,DIVISION 3
470,PLYMOUTH STATE,?,?,?,?,DIVISION 3
471,POMONA PITZER,?,?,?,?,DIVISION 3
472,PUGET SOUND,?,?,?,?,DIVISION 3
473,RANDOLPH-MACON,?,?,?,?,DIVISION 3
474,REDLANDS,?,?,?,?,DIVISION 3
475,RENSSELAER POLY-TECH,?,?,?,?,DIVISION 3
476,RHODES COLLEGE,?,?,?,?,DIVISION 3
477,RIPON,?,?,?,?,DIVISION 3
478,ROCHESTER,?,?,?,?,DIVISION 3
479,ROCKFORD,?,?,?,?,DIVISION 3
480,ROSE-HULMAN,?,?,?,?,DIVISION 3
481,ROWAN,?,?,?,?,DIVISION 3
482,SALISBURY,?,?,?,?,DIVISION 3
483,SALVE REGINA,?,?,?,?,DIVISION 3
484,SEWANEE,?,?,?,?,DIVISION 3
485,SHENANDOAH COLLEGE,?,?,?,?,DIVISION 3
486,SIMPSON,?,?,?,?,DIVISION 3
487,SOUTHERN VIRGINIA,?,?,?,?,DIVISION 3
488,SOUTHWESTERN - TX,?,?,?,?,DIVISION 3
489,SPRINGFIELD,?,?,?,?,DIVISION 3
490,ST. JOHN FISHER,?,?,?,?,DIVISION 3
491,ST. LAWRENCE,?,?,?,?,DIVISION 3
492,ST. SCHOLASTICA,?,?,?,?,DIVISION 3
493,ST. VINCENT,?,?,?,?,DIVISION 3
494,ST.JOHNS-MINNESOTA,?,?,?,?,DIVISION 3
495,ST.NORBERT,?,?,?,?,DIVISION 3
496,ST.OLAF,?,?,?,?,DIVISION 3
497,ST.THOMAS,?,?,?,?,DIVISION 3
498,STEVENSON,?,?,?,?,DIVISION 3
499,SUL ROSS STATE,?,?,?,?,DIVISION 3
500,SUNY - MARITIME,?,?,?,?,DIVISION 3
501,SUSQUEHANNA,?,?,?,?,DIVISION 3
502,TEXAS LUTHERAN,?,?,?,?,DIVISION 3
503,THIEL,?,?,?,?,DIVISION 3
504,THOMAS MORE,?,?,?,?,DIVISION 3
505,TRINE,?,?,?,?,DIVISION 3
506,TRINITY COLLEGE - CT,?,?,?,?,DIVISION 3
507,TRINITY-TEXAS,?,?,?,?,DIVISION 3
508,TUFTS,?,?,?,?,DIVISION 3
509,U O F NEW ENGLAND,?,?,?,?,DIVISION 3
510,UNION COLLEGE-NY ,?,?,?,?,DIVISION 3
511,URSINUS COLLEGE,?,?,?,?,DIVISION 3
512,UTICA,?,?,?,?,DIVISION 3
513,WABASH,?,?,?,?,DIVISION 3
514,WARTBURG,?,?,?,?,DIVISION 3
515,WASHINGTON & JEFFERSON,?,?,?,?,DIVISION 3
516,WASHINGTON & LEE,?,?,?,?,DIVISION 3
517,WASHINGTON-MO.,?,?,?,?,DIVISION 3
518,WAYNESBURG,?,?,?,?,DIVISION 3
519,WESLEY COLLEGE,?,?,?,?,DIVISION 3
520,WESLEYAN-CONN.,?,?,?,?,DIVISION 3
521,WESLEYAN-NORTH CAROLINA,?,?,?,?,DIVISION 3
522,WESTERN CONNECTICUT,?,?,?,?,DIVISION 3
523,WESTERN NEW ENGLAND,?,?,?,?,DIVISION 3
524,WESTFIELD-MASS.,?,?,?,?,DIVISION 3
525,WESTMINSTER-MO.,?,?,?,?,DIVISION 3
526,WESTMINSTER-PA,?,?,?,?,DIVISION 3
527,WHEATON COLLEGE,?,?,?,?,DIVISION 3
528,WHITTIER COLLEGE,?,?,?,?,DIVISION 3
529,WHITWORTH,?,?,?,?,DIVISION 3
530,WIDENER,?,?,?,?,DIVISION 3
531,WILKES,?,?,WKU,WKU,DIVISION 3
532,WILLAMETTE,?,?,?,?,DIVISION 3
533,WILLIAM PATERSON,?,?,?,?,DIVISION 3
534,WILLIAMS COLLEGE,?,?,?,?,DIVISION 3
535,WILMINGTON OHIO,?,?,?,?,DIVISION 3
536,WISCONSIN-EAU CLAIRE,?,?,?,?,DIVISION 3
537,WISCONSIN-La CROSSE,?,?,?,?,DIVISION 3
538,WISCONSIN-LUTHERAN,?,?,?,?,DIVISION 3
539,WISCONSIN-OSHKOSH,?,?,?,?,DIVISION 3
540,WISCONSIN-PLATTEVILLE,?,?,?,?,DIVISION 3
541,WISCONSIN-RIVER FALLS,?,?,?,?,DIVISION 3
542,WISCONSIN-STEVENS POINT,?,?,?,?,DIVISION 3
543,WISCONSIN-STOUT,?,?,?,?,DIVISION 3
544,WISCONSIN-WHITEWATER,?,?,?,?,DIVISION 3
545,WITTENBERG,?,?,?,?,DIVISION 3
546,WOOSTER,?,?,?,?,DIVISION 3
547,WORCESTER STATE,?,?,?,?,DIVISION 3
548,WORCESTER TECH (W.P.I.),?,?,?,?,DIVISION 3
549,ABILENE CHRISTIAN,?,Abilene Christian Wildcats,Abilene Christian,ACU,Championship Subdivision
550,ALABAMA A&M,?,Alabama A&M Bulldogs,Alabama A&M,AAMU,Championship Subdivision
551,ALABAMA STATE,?,Alabama State Hornets,Alabama State,ALST,Championship Subdivision
552,ALBANY-NY,?,Albany Great Danes,Albany,ALBY,Championship Subdivision
553,ALCORN STATE,?,Alcorn State Braves,Alcorn State,ALCN,Championship Subdivision
554,AUSTIN PEAY,?,Austin Peay Governors,Austin Peay,PEAY,Championship Subdivision
555,BETHUNE-COOKMAN,?,Bethune-Cookman Wildcats,Bethune-Cookman,BCU,Championship Subdivision
556,BROWN,?,?,Brown,BRWN,Championship Subdivision
557,BRYANT COLLEGE,?,?,Bryant,BRY,Championship Subdivision
558,BUCKNELL,?,?,Bucknell,BUCK,Championship Subdivision
559,BUTLER,?,?,Butler,BUT,Championship Subdivision
560,CAL-DAVIS,?,UC Davis Aggies,UC Davis,UCD,Championship Subdivision
561,CAL-POLY (SAN LOUIS OBISPO),?,?,?,?,Championship Subdivision
562,CAL-SACRAMENTO,?,Sacramento State Hornets,?,?,Championship Subdivision
563,CAMPBELL,?,?,Campbell,CAMP,Championship Subdivision
564,CENTRAL ARKANSAS,?,Central Arkansas Bears,Central Arkansas,UCA,Championship Subdivision
565,CENTRAL CONNECTICUT STATE,?,Central Connecticut Blue Devils,Central Connecticut,CCSU,Championship Subdivision
566,CHARLESTON SOUTHERN,?,Charleston Southern Buccaneers,Charleston Southern,CHSO,Championship Subdivision
567,CHATTANOOGA-TENNESSEE,?,Chattanooga Mocs,Chattanooga,CHAT,Championship Subdivision
568,COLGATE,?,Colgate Raiders,Colgate,COLG,Championship Subdivision
569,COLUMBIA,?,?,Columbia,CLMB,Championship Subdivision
570,CORNELL,?,?,Cornell,COR,Championship Subdivision
571,DARTMOUTH,?,?,Dartmouth,DART,Championship Subdivision
572,DAVIDSON,?,?,Davidson,DAV,Championship Subdivision
573,DAYTON,?,?,Dayton,DAY,Championship Subdivision
574,DELAWARE,?,?,Delaware,DEL,Championship Subdivision
575,DELAWARE STATE,?,Delaware State Hornets,Delaware State,DSU,Championship Subdivision
576,DRAKE,?,?,Drake,DRKE,Championship Subdivision
577,DUQUESNE,?,Duquesne Dukes,Duquesne,DUQ,Championship Subdivision
578,EAST TENNESSEE STATE,?,East Tennessee State Buccaneers,?,?,Championship Subdivision
579,EASTERN ILLINOIS,?,Eastern Illinois Panthers,Eastern Illinois,EIU,Championship Subdivision
580,EASTERN KENTUCKY,?,Eastern Kentucky Colonels,Eastern Kentucky,EKY,Championship Subdivision
581,EASTERN WASHINGTON,?,Eastern Washington Eagles,Eastern Washington,EWU,Championship Subdivision
582,ELON,?,Elon Phoenix,Elon,ELON,Championship Subdivision
583,FLORIDA A&M,?,Florida A&M Rattlers,Florida A&M,FAMU,Championship Subdivision
584,FORDHAM,?,Fordham Rams,Fordham,FOR,Championship Subdivision
585,FURMAN,?,Furman Paladins,Furman,FUR,Championship Subdivision
586,GARDNER-WEBB,?,Gardner-Webb Bulldogs,Gardner-Webb,WEBB,Championship Subdivision
587,GEORGETOWN-DC,?,?,Georgetown,GTWN,Championship Subdivision
588,GRAMBLING,?,Grambling Tigers,?,?,Championship Subdivision
589,HAMPTON,?,?,Hampton,HAMP,Championship Subdivision
590,HARVARD,?,?,Harvard,HARV,Championship Subdivision
591,HOLY CROSS,?,Holy Cross Crusaders,Holy Cross,HC,Championship Subdivision
592,HOUSTON BAPTIST,?,Houston Baptist Huskies,Houston Baptist,HBU,Championship Subdivision
593,HOWARD,?,Howard Bison,Howard,HOW,Championship Subdivision
594,IDAHO,?,Idaho Vandals,Idaho,IDHO,Championship Subdivision
595,IDAHO STATE,?,Idaho State Bengals,Idaho State,IDST,Championship Subdivision
596,ILLINOIS STATE,?,Illinois State Redbirds,Illinois State,ILST,Championship Subdivision
597,INCARNATE WORD,?,Incarnate Word Cardinals,Incarnate Word,IW,Championship Subdivision
598,INDIANA STATE,?,Indiana State Sycamores,Indiana State,INST,Championship Subdivision
599,JACKSON STATE,?,Jackson State Tigers,Jackson State,JKST,Championship Subdivision
600,JACKSONVILLE STATE,?,?,Jacksonville State,JVST,Championship Subdivision
601,JACKSONVILLE-FLA,?,?,Jacksonville,JAC,Championship Subdivision
602,JAMES MADISON,?,James Madison Dukes,James Madison,JMU,Championship Subdivision
603,KENNESAW STATE,?,Kennesaw State Owls,Kennesaw State,KENN,Championship Subdivision
604,LAFAYETTE,?,Lafayette Leopards,Lafayette,LAF,Championship Subdivision
605,LAMAR,?,Lamar Cardinals,Lamar,LAM,Championship Subdivision
606,LEHIGH,?,Lehigh Mountain Hawks,Lehigh,LEH,Championship Subdivision
607,MAINE,?,Maine Black Bears,Maine,MAINE,Championship Subdivision
608,MARIST,?,?,Marist,MRST,Championship Subdivision
609,MCNEESE STATE,?,McNeese Cowboys,McNeese State,MCNS,Championship Subdivision
610,MERCER,?,Mercer Bears,Mercer,MER,Championship Subdivision
611,MISSISSIPPI VALLEY STATE,?,?,Mississippi Valley State,MVSU,Championship Subdivision
612,MISSOURI STATE,?,Missouri State Bears,Missouri State,MOST,Championship Subdivision
613,MONMOUTH-NJ,?,?,?,?,Championship Subdivision
614,MONTANA,?,?,Montana,MONT,Championship Subdivision
615,MONTANA STATE,?,?,Montana State,MTST,Championship Subdivision
616,MOREHEAD STATE,?,?,Morehead State,MORE,Championship Subdivision
617,MORGAN STATE,?,Morgan State Bears,Morgan State,MORG,Championship Subdivision
618,MURRAY STATE,?,Murray State Racers,Murray State,MURR,Championship Subdivision
619,NEW HAMPSHIRE,?,New Hampshire Wildcats,New Hampshire,UNH,Championship Subdivision
620,NICHOLLS STATE,?,Nicholls Colonels,Nicholls State,NICH,Championship Subdivision
621,NORFOLK STATE,?,Norfolk State Spartans,Norfolk State,NORF,Championship Subdivision
622,NORTH ALABAMA,?,?,?,?,Championship Subdivision
623,NORTH CAROLINA A&T,?,North Carolina A&T Aggies,North Carolina A&T,NCAT,Championship Subdivision
624,NORTH CAROLINA CENTRAL,?,North Carolina Central Eagles,?,?,Championship Subdivision
625,NORTH DAKOTA,?,North Dakota Fighting Hawks,North Dakota,UND,Championship Subdivision
626,NORTH DAKOTA STATE,?,?,North Dakota State,NDSU,Championship Subdivision
627,NORTHERN ARIZONA,?,Northern Arizona Lumberjacks,Northern Arizona,NAU,Championship Subdivision
628,NORTHERN COLORADO,?,?,Northern Colorado,UNCO,Championship Subdivision
629,NORTHERN IOWA,?,Northern Iowa Panthers,Northern Iowa,UNI,Championship Subdivision
630,NORTHWESTERN STATE-LA,?,Northwestern State Demons,Northwestern State,NWST,Championship Subdivision
631,PENNSYLVANIA,?,?,UPenn,PENN,Championship Subdivision
632,PINE BLUFF-ARKANSAS,?,Arkansas-Pine Bluff Golden Lions,Arkansas-Pine Bluff,UAPB,Championship Subdivision
633,PORTLAND STATE,?,Portland State Vikings,Portland State,PRST,Championship Subdivision
634,PRAIRIE VIEW A&M,?,Prairie View Panthers,Prairie View A&M,PVAM,Championship Subdivision
635,PRESBYTERIAN,?,?,Presbyterian,PRES,Championship Subdivision
636,PRINCETON,?,?,Princeton,PRIN,Championship Subdivision
637,RHODE ISLAND,?,Rhode Island Rams,Rhode Island,URI,Championship Subdivision
638,RICHMOND,?,Richmond Spiders,Richmond,RICH,Championship Subdivision
639,ROBERT MORRIS - PA,?,?,Robert Morris (PA),RMU,Championship Subdivision
640,S.F.AUSTIN,?,?,Stephen F. Austin,SFA,Championship Subdivision
641,SACRED HEART,?,?,Sacred Heart,SHU,Championship Subdivision
642,SAM HOUSTON,?,?,Sam Houston State,SHSU,Championship Subdivision
643,SAMFORD,?,Samford Bulldogs,Samford,SAM,Championship Subdivision
644,SAN DIEGO,?,?,San Diego,USD,Championship Subdivision
645,SAVANNAH STATE,?,Savannah State Tigers,Savannah State,SAV,Championship Subdivision
646,SO. EAST LOUISIANA,?,Southeastern Louisiana Lions,Southeastern Louisiana,SELA,Championship Subdivision
647,SOUTH CAROLINA STATE,?,South Carolina State Bulldogs,South Carolina State,SCST,Championship Subdivision
648,SOUTH DAKOTA,?,South Dakota Coyotes,South Dakota,SDAK,Championship Subdivision
649,SOUTH DAKOTA STATE,?,South Dakota State Jackrabbits,South Dakota State,SDS,Championship Subdivision
650,SOUTH EASTERN MISSOURI,?,Southeast Missouri State Redhawks,Southeast Missouri,SEMO,Championship Subdivision
651,SOUTHERN ILLINOIS,?,Southern Illinois Salukis,Southern Illinois,SIU,Championship Subdivision
652,SOUTHERN UNIVERSITY,?,Southern Jaguars,Southern University,SOU,Championship Subdivision
653,SOUTHERN UTAH,?,Southern Utah Thunderbirds,Southern Utah,SUU,Championship Subdivision
654,ST.FRANCIS-PA,?,?,St. Francis (PA),SFU,Championship Subdivision
655,STETSON,?,?,Stetson,STET,Championship Subdivision
656,STONY BROOK,?,Stony Brook Seawolves,Stony Brook,STON,Championship Subdivision
657,TENNESSEE STATE,?,Tennessee State Tigers,Tennessee State,TNST,Championship Subdivision
658,TENNESSEE TECH,?,Tennessee Tech Golden Eagles,Tennessee Tech,TNTC,Championship Subdivision
659,TENNESSEE-MARTIN,?,UT Martin Skyhawks,Tennessee-Martin,UTM,Championship Subdivision
660,TEXAS SOUTHERN,?,Texas Southern Tigers,Texas Southern,TXSO,Championship Subdivision
661,THE CITADEL,?,The Citadel Bulldogs,The Citadel,CIT,Championship Subdivision
662,TOWSON,?,Towson Tigers,Towson,TOWS,Championship Subdivision
663,VALPARAISO,?,?,Valparaiso,VALP,Championship Subdivision
664,VILLANOVA,?,Villanova Wildcats,Villanova,NOVA,Championship Subdivision
665,VIRGINIA MILITARY INSTITUTE,?,VMI Keydets,VMI,VMI,Championship Subdivision
666,WAGNER,?,Wagner Seahawks,Wagner,WAG,Championship Subdivision
667,WEBER STATE,?,Weber State Wildcats,Weber State,WEB,Championship Subdivision
668,WESTERN CAROLINA,?,Western Carolina Catamounts,Western Carolina,WCU,Championship Subdivision
669,WESTERN ILLINOIS,?,Western Illinois Leathernecks,Western Illinois,WIU,Championship Subdivision
670,WILLIAM & MARY,?,William & Mary Tribe,William & Mary,W&M,Championship Subdivision
671,WOFFORD,?,Wofford Terriers,Wofford,WOF,Championship Subdivision
672,YALE,?,?,Yale,YALE,Championship Subdivision
673,YOUNGSTOWN STATE,?,Youngstown State Penguins,Youngstown State,YSU,Championship Subdivision
674,ALLEN (SC),?,?,?,?,NAIA
675,ARIZONA CHRISTIAN,?,?,?,?,NAIA
676,AVE MARIA-FLA,?,?,?,?,NAIA
677,AVILA,?,?,?,?,NAIA
678,BAKER,?,?,?,?,NAIA
679,BENEDICTINE-KANSAS,?,?,?,?,NAIA
680,BETHANY KANSAS,?,?,?,?,NAIA
681,BETHEL KANSAS,?,?,?,?,NAIA
682,BETHEL-TN.,?,?,?,?,NAIA
683,BLUFIELD,?,?,?,?,NAIA
684,BRIAR CLIFF,?,?,?,?,NAIA
685,CAMPBELLSVILLE,?,Campbell Fighting Camels,?,?,NAIA
686,CARROLL-MONTANA,?,?,?,?,NAIA
687,CENTRAL METHODIST,?,?,?,?,NAIA
688,CINCINNATI CHRISTIAN,?,?,?,?,NAIA
689,COLLEGE OF IDAHO,?,?,?,?,NAIA
690,CONCORDIA – MICHIGAN,?,?,?,?,NAIA
691,CONCORDIA-NEBRASKA,?,?,?,?,NAIA
692,CULVER-STOCKTON,?,?,?,?,NAIA
693,CUMBERLAND-TN.,?,?,?,?,NAIA
694,DAKOTA STATE-SD.,?,?,?,?,NAIA
695,DAKOTA-WESLEYAN SD.,?,?,?,?,NAIA
696,DICKINSON STATE,?,?,?,?,NAIA
697,DOANE,?,?,?,?,NAIA
698,DORDT,?,?,?,?,NAIA
699,EASTERN OREGON,?,?,?,?,NAIA
700,EDWARD WATERS,?,?,?,?,NAIA
701,EVANGEL,?,?,?,?,NAIA
702,FAULKNER - ALABAMA,?,?,?,?,NAIA
703,FRIENDS,?,?,?,?,NAIA
704,GEORGETOWN-KY.,?,?,?,?,NAIA
705,GRACELAND,?,?,?,?,NAIA
706,GRAND VIEW,?,?,?,?,NAIA
707,HASTINGS,?,?,?,?,NAIA
708,INDIANA WESLEYAN,?,?,?,?,NAIA
709,JAMESTOWN,?,?,?,?,NAIA
710,KANSAS WESLEYAN,?,?,?,?,NAIA
711,KENTUCKY CHRISTIAN,?,?,?,?,NAIA
712,KIESER - FLA,?,?,?,?,NAIA
713,LANGSTON,?,?,?,?,NAIA
714,LAWRENCE TECH (MI),?,?,?,?,NAIA
715,LINDENWOOD - BELLEVILLE,?,?,?,?,NAIA
716,LINSEY WILSON - KY,?,?,?,?,NAIA
717,LYON COLLEGE,?,?,?,?,NAIA
718,MARIAN - INDIANA,?,?,?,?,NAIA
719,MAYVILLE STATE,?,?,?,?,NAIA
720,McPHERSON,?,?,?,?,NAIA
721,MID-AMERICA NAZARENE,?,?,?,?,NAIA
722,MIDLAND - NE,?,?,?,?,NAIA
723,MISSOURI BAPTIST,?,?,?,?,NAIA
724,MISSOURI VALLEY,?,?,?,?,NAIA
725,MONTANA - WESTERN,?,?,?,?,NAIA
726,MONTANA STATE-NORTH,?,?,?,?,NAIA
727,MONTANA TECH,?,?,?,?,NAIA
728,MORNINGSIDE,?,?,?,?,NAIA
729,NORTHWESTERN-IOWA,?,?,?,?,NAIA
730,OLIVET NAZARENE,?,?,?,?,NAIA
731,OTTAWA (AZ),?,?,?,?,NAIA
732,OTTAWA-KANSAS,?,?,?,?,NAIA
733,PANHANDLE STATE - OK,?,?,?,?,NAIA
734,PERU STATE,?,?,?,?,NAIA
735,PIKEVILLE,?,?,?,?,NAIA
736,POINT,?,?,?,?,NAIA
737,PRESENTATION - SD,?,?,?,?,NAIA
738,REINHARDT,?,?,?,?,NAIA
739,ROBERT MORRIS-ILL,?,?,?,?,NAIA
740,ROCKY MOUNTAIN,?,?,?,?,NAIA
741,S W ASSMEMBLY OF GOD,?,?,?,?,NAIA
742,SIENA HEIGHTS,?,?,?,?,NAIA
743,SOUTHEASTERN -FLA,?,?,?,?,NAIA
744,SOUTHERN OREGON,?,?,?,?,NAIA
745,SOUTHWESTERN-KANSAS,?,?,?,?,NAIA
746,ST. ANDREWS- N.C.,?,?,?,?,NAIA
747,ST.AMBROSE,?,?,?,?,NAIA
748,ST.FRANCIS-ILL,?,?,?,?,NAIA
749,ST.FRANCIS-IND.,?,?,?,?,NAIA
750,ST.MARY-KANSAS,?,?,?,?,NAIA
751,ST.XAVIER,?,?,?,?,NAIA
752,STERLING,?,?,?,?,NAIA
753,TABOR,?,TBD,?,?,NAIA
754,TAYLOR,?,?,?,?,NAIA
755,TEXAS COLLEGE,?,?,?,?,NAIA
756,TEXAS WESLEYAN,?,?,?,?,NAIA
757,TRINITY INTERNATIONAL-ILL,?,?,?,?,NAIA
758,UNION-KY.,?,?,?,?,NAIA
759,UNIV. OF CUMBERLANDS-KY,?,?,?,?,NAIA
760,VALLEY CITY STATE,?,?,?,?,NAIA
761,WALDORF,?,?,?,?,NAIA
762,WARNER,?,?,?,?,NAIA
763,WAYLAND BAPTIST,?,?,?,?,NAIA
764,WEBBER INTERNATIONAL,?,?,?,?,NAIA
765,WILLIAM PENN,?,?,?,?,NAIA
766,TRINITY BIBLE,?,?,?,?,INDEPENDENT
767,VIRGINIA - LYNCHBURG,?,?,?,?,INDEPENDENT
