Index,BPI,teamrankings,scheduled,abbr team,abbr,class
1,AIR FORCE,Air Force,Air Force Falcons,Air Force,AFA,DIVISION 1  FBS
2,AKRON,Akron,Akron Zips,Akron,AKRON,DIVISION 1  FBS
3,ALABAMA,Alabama,Alabama Crimson Tide,Alabama,ALA,DIVISION 1  FBS
4,ALABAMA-BIRMINGHAM,UAB,UAB Blazers,ALABAMA-BIRMINGHAM,UAB,DIVISION 1  FBS
5,APPALACHIAN STATE,App State,Appalachian State Mountaineers,Appalachian State,APP,DIVISION 1  FBS
6,ARIZONA,Arizona,Arizona Wildcats,Arizona,ARIZ,DIVISION 1  FBS
7,ARIZONA STATE,Arizona St,Arizona State Sun Devils,Arizona State,ASU,DIVISION 1  FBS
8,ARKANSAS,Arkansas,Arkansas Razorbacks,Arkansas,ARK,DIVISION 1  FBS
9,ARKANSAS STATE,Arkansas St,Arkansas State Red Wolves,Arkansas State,ARST,DIVISION 1  FBS
10,ARMY,Army,Army Black Knights,Army,ARMY,DIVISION 1  FBS
11,AUBURN,Auburn,Auburn Tigers,Auburn,AUB,DIVISION 1  FBS
12,BALL STATE,Ball State,Ball State Cardinals,Ball State,BALL,DIVISION 1  FBS
13,BAYLOR,Baylor,Baylor Bears,Baylor,BAY,DIVISION 1  FBS
14,BOISE,Boise State,Boise State Broncos,Boise State,BSU,DIVISION 1  FBS
15,BOSTON COLLEGE,Boston Col,Boston College Eagles,Boston College,BC,DIVISION 1  FBS
16,BOWLING GREEN,Bowling Grn,Bowling Green Falcons,Bowling Green,BGSU,DIVISION 1  FBS
17,BRIGHAM YOUNG,BYU,BYU Cougars,BYU,BYU,DIVISION 1  FBS
18,BUFFALO,Buffalo,Buffalo Bulls,Buffalo,BUFF,DIVISION 1  FBS
19,CALIFORNIA,California,California Golden Bears,Cal,CAL,DIVISION 1  FBS
20,CENTRAL FLORIDA,Central FL,UCF Knights,UCF,UCF,DIVISION 1  FBS
21,CENTRAL MICHIGAN,Central Mich,Central Michigan Chippewas,Central Michigan,CMU,DIVISION 1  FBS
22,CINCINNATI,Cincinnati,Cincinnati Bearcats,Cincinnati,CIN,DIVISION 1  FBS
23,CLEMSON,Clemson,Clemson Tigers,Clemson,CLEM,DIVISION 1  FBS
24,COASTAL CAROLINA,Coastal Car,Coastal Carolina Chanticleers,Coastal Carolina,CCU,DIVISION 1  FBS
25,COLORADO,Colorado,Colorado Buffaloes,Colorado,COLO,DIVISION 1  FBS
26,COLORADO STATE,Colorado St,Colorado State Rams,Colorado State,CSU,DIVISION 1  FBS
27,CONNECTICUT,Connecticut,UConn Huskies,UConn,CONN,DIVISION 1  FBS
28,DUKE,Duke,Duke Blue Devils,Duke,DUKE,DIVISION 1  FBS
29,EAST CAROLINA,E Carolina,East Carolina Pirates,ECU,ECU,DIVISION 1  FBS
30,EASTERN MICHIGAN,E Michigan,Eastern Michigan Eagles,Eastern Michigan,EMU,DIVISION 1  FBS
31,FLORIDA,Florida,Florida Gators,Florida,FLA,DIVISION 1  FBS
32,FLORIDA ATLANTIC,Fla Atlantic,Florida Atlantic Owls,FAU,FAU,DIVISION 1  FBS
33,FLORIDA INTERNATIONAL,Florida Intl,Florida International Panthers,FIU,FIU,DIVISION 1  FBS
34,FLORIDA STATE,Florida St,Florida State Seminoles,Florida State,FSU,DIVISION 1  FBS
35,FRESNO STATE,Fresno St,Fresno State Bulldogs,Fresno State,FRES,DIVISION 1  FBS
36,GEORGIA,Georgia,Georgia Bulldogs,Georgia,UGA,DIVISION 1  FBS
37,GEORGIA SOUTHERN,GA Southern,Georgia Southern Eagles,Georgia Southern,GASO,DIVISION 1  FBS
38,GEORGIA STATE,Georgia State,Georgia State Panthers,Georgia State,GAST,DIVISION 1  FBS
39,GEORGIA TECH,GA Tech,Georgia Tech Yellow Jackets,Georgia Tech,GT,DIVISION 1  FBS
40,HAWAII,Hawaii,Hawaii Rainbow Warriors,Hawaii,HAW,DIVISION 1  FBS
41,HOUSTON,Houston,Houston Cougars,Houston,HOU,DIVISION 1  FBS
42,ILLINOIS,Illinois,Illinois Fighting Illini,Illinois,ILL,DIVISION 1  FBS
43,INDIANA,Indiana,Indiana Hoosiers,Indiana,IND,DIVISION 1  FBS
44,IOWA,Iowa,Iowa Hawkeyes,Iowa,IOWA,DIVISION 1  FBS
45,IOWA STATE,Iowa State,Iowa State Cyclones,Iowa State,ISU,DIVISION 1  FBS
46,KANSAS,Kansas,Kansas Jayhawks,Kansas,KU,DIVISION 1  FBS
47,KANSAS STATE,Kansas St,Kansas State Wildcats,Kansas State,KSU,DIVISION 1  FBS
48,KENT STATE,Kent State,Kent State Golden Flashes,Kent State,KENT,DIVISION 1  FBS
49,KENTUCKY,Kentucky,Kentucky Wildcats,Kentucky,UK,DIVISION 1  FBS
50,LA-LAFAYETTE,LA Lafayette,Louisiana Ragin Cajuns,Louisiana Lafayette,UL,DIVISION 1  FBS
51,LA-MONROE,LA Monroe,UL Monroe Warhawks,Louisiana Monroe,ULM,DIVISION 1  FBS
52,LIBERTY,Liberty,Liberty Flames,Liberty,LIB,DIVISION 1  FBS
53,LOUISIANA STATE,LSU,LSU Tigers,LSU,LSU,DIVISION 1  FBS
54,LOUISIANA TECH,LA Tech,Louisiana Tech Bulldogs,Louisiana Tech,LAT,DIVISION 1  FBS
55,LOUISVILLE,Louisville,Louisville Cardinals,Louisville,LOU,DIVISION 1  FBS
56,MARSHALL,Marshall,Marshall Thundering Herd,Marshall,MRSH,DIVISION 1  FBS
57,MARYLAND,Maryland,Maryland Terrapins,Maryland,MD,DIVISION 1  FBS
58,MASSACHUSETTS,U Mass,UMass Minutemen,UMass,MASS,DIVISION 1  FBS
59,MEMPHIS,Memphis,Memphis Tigers,Memphis,MEM,DIVISION 1  FBS
60,MIAMI OF OHIO,Miami (OH),Miami (OH) RedHawks,Miami (OH),M-OH,DIVISION 1  FBS
61,MIAMI-FL,Miami (FL),Miami Hurricanes,Miami (FL),MIA,DIVISION 1  FBS
62,MICHIGAN,Michigan,Michigan Wolverines,Michigan,MICH,DIVISION 1  FBS
63,MICHIGAN STATE,Michigan St,Michigan State Spartans,Michigan State,MSU,DIVISION 1  FBS
64,MIDDLE TENNESSEE STATE,Middle Tenn,Middle Tennessee Blue Raiders,Middle Tennessee,MTSU,DIVISION 1  FBS
65,MINNESOTA,Minnesota,Minnesota Golden Gophers,Minnesota,MINN,DIVISION 1  FBS
66,MISSISSIPPI,Mississippi,Ole Miss Rebels,Ole Miss,MISS,DIVISION 1  FBS
67,MISSISSIPPI STATE,Miss State,Mississippi State Bulldogs,Mississippi State,MSST,DIVISION 1  FBS
68,MISSOURI,Missouri,Missouri Tigers,Missouri,MIZ,DIVISION 1  FBS
69,NAVY,Navy,Navy Midshipmen,Navy,NAVY,DIVISION 1  FBS
70,NEBRASKA,Nebraska,Nebraska Cornhuskers,Nebraska,NEB,DIVISION 1  FBS
71,NEVADA,Nevada,Nevada Wolf Pack,Nevada,NEV,DIVISION 1  FBS
72,NEVADA-LAS VEGAS,UNLV,UNLV Rebels,UNLV,UNLV,DIVISION 1  FBS
73,NEW MEXICO,New Mexico,New Mexico Lobos,New Mexico,UNM,DIVISION 1  FBS
74,NEW MEXICO STATE,N Mex State,New Mexico State Aggies,New Mexico State,NMSU,DIVISION 1  FBS
75,NO. CAROLINA STATE,NC State,NC State Wolfpack,NC State,NCST,DIVISION 1  FBS
76,NORTH CAROLINA,N Carolina,North Carolina Tar Heels,North Carolina,UNC,DIVISION 1  FBS
77,NORTH TEXAS,North Texas,North Texas Mean Green,North Texas,UNT,DIVISION 1  FBS
78,NORTHERN ILLINOIS,N Illinois,Northern Illinois Huskies,Northern Illinois,NIU,DIVISION 1  FBS
79,NORTHWESTERN,Northwestern,Northwestern Wildcats,Northwestern,NW,DIVISION 1  FBS
80,NOTRE DAME,Notre Dame,Notre Dame Fighting Irish,Notre Dame,ND,DIVISION 1  FBS
81,OHIO STATE,Ohio State,Ohio State Buckeyes,Ohio State,OSU,DIVISION 1  FBS
82,OHIO UNIV.,Ohio,Ohio Bobcats,Ohio,OHIO,DIVISION 1  FBS
83,OKLAHOMA,Oklahoma,Oklahoma Sooners,Oklahoma,OKLA,DIVISION 1  FBS
84,OKLAHOMA STATE,Oklahoma St,Oklahoma State Cowboys,Oklahoma State,OKST,DIVISION 1  FBS
85,OLD DOMINION,Old Dominion,Old Dominion Monarchs,Old Dominion,ODU,DIVISION 1  FBS
86,OREGON,Oregon,Oregon Ducks,Oregon,ORE,DIVISION 1  FBS
87,OREGON STATE,Oregon St,Oregon State Beavers,Oregon State,ORST,DIVISION 1  FBS
88,PENN STATE,Penn State,Penn State Nittany Lions,Penn State,PSU,DIVISION 1  FBS
89,PITTSBURGH,Pittsburgh,Pittsburgh Panthers,Pittsburgh,PITT,DIVISION 1  FBS
90,PURDUE,Purdue,Purdue Boilermakers,Purdue,PUR,DIVISION 1  FBS
91,RICE,Rice,Rice Owls,Rice,RICE,DIVISION 1  FBS
92,RUTGERS,Rutgers,Rutgers Scarlet Knights,Rutgers,RUTG,DIVISION 1  FBS
93,SAN DIEGO STATE,San Diego St,San Diego State Aztecs,San Diego State,SDSU,DIVISION 1  FBS
94,SAN JOSE STATE,San Jose St,San Jose State Spartans,SAN JOSE STATE,SJSU,DIVISION 1  FBS
95,SOUTH ALABAMA,S Alabama,South Alabama Jaguars,South Alabama,USA,DIVISION 1  FBS
96,SOUTH CAROLINA,S Carolina,South Carolina Gamecocks,South Carolina,SC,DIVISION 1  FBS
97,SOUTH FLORIDA,S Florida,South Florida Bulls,South Florida,USF,DIVISION 1  FBS
98,SOUTHERN MISSISSIPPI,S Mississippi,Southern Mississippi Golden Eagles,Southern Miss,USM,DIVISION 1  FBS
99,SOUTHERN CALIFORNIA,USC,USC Trojans,USC,USC,DIVISION 1  FBS
100,SOUTHERN METHODIST,S Methodist,SMU Mustangs,SMU,SMU,DIVISION 1  FBS
101,STANFORD,Stanford,Stanford Cardinal,Stanford,STAN,DIVISION 1  FBS
102,SYRACUSE,Syracuse,Syracuse Orange,Syracuse,SYR,DIVISION 1  FBS
103,TEMPLE,Temple,Temple Owls,Temple,TEM,DIVISION 1  FBS
104,TENNESSEE,Tennessee,Tennessee Volunteers,Tennessee,TENN,DIVISION 1  FBS
105,TEXAS,Texas,Texas Longhorns,Texas,TEX,DIVISION 1  FBS
106,TEXAS STATE-SAN MARCOS,Texas State,Texas State Bobcats,Texas State,TXST,DIVISION 1  FBS
107,TEXAS A&M,Texas A&M,Texas A&M Aggies,Texas A&M,TA&M,DIVISION 1  FBS
108,TEXAS CHRISTIAN,TX Christian,TCU Horned Frogs,TCU,TCU,DIVISION 1  FBS
109,TEXAS TECH,Texas Tech,Texas Tech Red Raiders,Texas Tech,TTU,DIVISION 1  FBS
110,TEXAS-EL PASO,TX El Paso,UTEP Miners,UTEP,UTEP,DIVISION 1  FBS
111,TEXAS-SAN ANTONIO,TX-San Ant,UTSA Roadrunners,UTSA,UTSA,DIVISION 1  FBS
112,TOLEDO,Toledo,Toledo Rockets,Toledo,TOL,DIVISION 1  FBS
113,TROY STATE,Troy,Troy Trojans,Troy,TROY,DIVISION 1  FBS
114,TULANE,Tulane,Tulane Green Wave,Tulane,TULN,DIVISION 1  FBS
115,TULSA,Tulsa,Tulsa Golden Hurricane,Tulsa,TLSA,DIVISION 1  FBS
116,U.C.L.A.,UCLA,UCLA Bruins,UCLA,UCLA,DIVISION 1  FBS
117,UNC - CHARLOTTE,Charlotte,Charlotte 49ers,Charlotte,CLT,DIVISION 1  FBS
118,UTAH,Utah,Utah Utes,Utah,UTAH,DIVISION 1  FBS
119,UTAH STATE,Utah State,Utah State Aggies,Utah State,USU,DIVISION 1  FBS
120,VANDERBILT,Vanderbilt,Vanderbilt Commodores,Vanderbilt,VAN,DIVISION 1  FBS
121,VIRGINIA,Virginia,Virginia Cavaliers,Virginia,UVA,DIVISION 1  FBS
122,VIRGINIA TECH,VA Tech,Virginia Tech Hokies,Virginia Tech,VT,DIVISION 1  FBS
123,WAKE FOREST,Wake Forest,Wake Forest Demon Deacons,Wake Forest,WAKE,DIVISION 1  FBS
124,WASHINGTON,Washington,Washington Huskies,Washington,WASH,DIVISION 1  FBS
125,WASHINGTON STATE,Wash State,Washington State Cougars,Washington State,WSU,DIVISION 1  FBS
126,WEST VIRGINIA,W Virginia,West Virginia Mountaineers,West Virginia,WVU,DIVISION 1  FBS
127,WESTERN KENTUCKY,W Kentucky,Western Kentucky Hilltoppers,WESTERN KENTUCKY,WKU,DIVISION 1  FBS
128,WESTERN MICHIGAN,W Michigan,Western Michigan Broncos,Western Michigan,WMU,DIVISION 1  FBS
129,WISCONSIN,Wisconsin,Wisconsin Badgers,Wisconsin,WIS,DIVISION 1  FBS
130,WYOMING,Wyoming,Wyoming Cowboys,Wyoming,WYO,DIVISION 1  FBS
131,ADAMS STATE,?,?,?,?,DIVISION 2
132,ALBANY STATE-GEORGIA,?,?,?,?,DIVISION 2
133,ALDERSON-BROADDUS,?,?,?,?,DIVISION 2
134,AMERICAN INTERNATIONAL,?,?,?,?,DIVISION 2
135,ANGELO STATE,?,?,?,?,DIVISION 2
136,ARKANSAS TECH,?,?,?,?,DIVISION 2
137,ARKANSAS-MONTICELLO,?,?,?,?,DIVISION 2
138,ASHLAND UNIVERSITY,?,?,?,?,DIVISION 2
139,ASSUMPTION COLLEGE,?,?,?,?,DIVISION 2
140,AUGUSTANA-S.D.,?,?,?,?,DIVISION 2
141,AZUSA PACIFIC,?,?,?,?,DIVISION 2
142,BEMIDJI STATE,?,?,?,?,DIVISION 2
143,BENEDICT-S.C,?,?,?,?,DIVISION 2
144,BENTLEY COLLEGE,?,?,?,?,DIVISION 2
145,BLACK HILLS STATE,?,?,?,?,DIVISION 2
146,BLOOMSBURG UNIVERSITY,?,?,?,?,DIVISION 2
147,BOWIE STATE,?,?,?,?,DIVISION 2
148,CALIFORNIA-PA.,?,?,?,?,DIVISION 2
149,CARSON-NEWMAN,?,?,?,?,DIVISION 2
150,CATAWBA COLLEGE,?,?,?,?,DIVISION 2
151,CENTRAL MISSOURI STATE,?,?,?,?,DIVISION 2
152,CENTRAL OKLAHOMA,?,?,?,?,DIVISION 2
153,CENTRAL STATE – OHIO,?,?,?,?,DIVISION 2
154,CENTRAL WASHINGTON,?,?,?,?,DIVISION 2
155,CHADRON STATE,?,?,?,?,DIVISION 2
156,CHARLESTON-WEST VIRGINIA,?,?,?,?,DIVISION 2
157,CHOWAN COLLEGE,?,?,?,?,DIVISION 2
158,CLARION,?,?,?,?,DIVISION 2
159,CLARK-ATLANTA,?,?,?,?,DIVISION 2
160,COLORADO MINES,?,?,?,?,DIVISION 2
161,COLORADO ST- PUEBLO,?,?,?,?,DIVISION 2
162,CONCORD COLLEGE,?,?,?,?,DIVISION 2
163,CONCORDIA STATE-ST.PAUL,?,?,?,?,DIVISION 2
164,CROOKSTON-MINNESOTA,?,?,?,?,DIVISION 2
165,DAVENPORT MI,?,?,?,?,DIVISION 2
166,DELTA STATE,?,?,?,?,DIVISION 2
167,DIXIE STATE-UTAH,?,?,?,?,DIVISION 2
168,DULUTH-MINNESOTA,?,?,?,?,DIVISION 2
169,EAST CENTRAL-OKLAHOMA,?,?,?,?,DIVISION 2
170,EAST STROUDSBURG,?,?,?,?,DIVISION 2
171,EASTERN NEW MEXICO,?,?,?,?,DIVISION 2
172,EDINBORO UNIVERSITY,?,?,?,?,DIVISION 2
173,ELIZABETH CITY STATE,?,?,?,?,DIVISION 2
174,EMPORIA STATE,?,?,?,?,DIVISION 2
175,FAIRMONT STATE,?,?,?,?,DIVISION 2
176,FAYETTEVILLE STATE,?,?,?,?,DIVISION 2
177,FERRIS STATE,?,?,?,?,DIVISION 2
178,FINDLAY,?,?,?,?,DIVISION 2
179,FLORIDA TECH,?,?,?,?,DIVISION 2
180,FORT HAYS STATE,?,?,?,?,DIVISION 2
181,FORT LEWIS,?,?,?,?,DIVISION 2
182,FORT VALLEY STATE,?,?,?,?,DIVISION 2
183,FRANKLIN PIERCE,?,?,?,?,DIVISION 2
184,FROSTBURG,?,?,?,?,DIVISION 2
185,GANNON,?,?,?,?,DIVISION 2
186,GLENVILLE STATE,?,?,?,?,DIVISION 2
187,GRAND VALLEY STATE,?,?,?,?,DIVISION 2
188,HARDING,?,?,?,?,DIVISION 2
189,HENDERSON STATE,?,?,?,?,DIVISION 2
190,HILLSDALE COLLEGE,?,?,?,?,DIVISION 2
191,INDIANA-PA.,?,?,?,?,DIVISION 2
192,INDIANAPOLIS,?,?,?,?,DIVISION 2
193,JOHNSON C. SMITH,?,?,?,?,DIVISION 2
194,KENTUCKY STATE,?,?,?,?,DIVISION 2
195,KENTUCKY WESLEYAN,?,?,?,?,DIVISION 2
196,KUTZTOWN UNIVERSITY,?,?,?,?,DIVISION 2
197,LAKE ERIE,?,?,?,?,DIVISION 2
198,LANE COLLEGE,?,?,?,?,DIVISION 2
199,LENOIR-RHYNE,?,?,?,?,DIVISION 2
200,LIMESTONE,?,?,?,?,DIVISION 2
201,LINCOLN-MO.,?,?,?,?,DIVISION 2
202,LINCOLN-PA,?,?,?,?,DIVISION 2
203,LINDENWOOD - MO,?,?,?,?,DIVISION 2
204,LIVINGSTONE COLLEGE,?,?,?,?,DIVISION 2
205,LOCK HAVEN,?,?,?,?,DIVISION 2
206,MARS HILL,?,?,?,?,DIVISION 2
207,MARY,?,?,?,?,DIVISION 2
208,McKENDREE,?,?,?,?,DIVISION 2
209,MERCYHURST,?,?,?,?,DIVISION 2
210,MESA STATE-COLORADO,?,?,?,?,DIVISION 2
211,MICHIGAN TECH,?,?,?,?,DIVISION 2
212,MIDWESTERN STATE,?,?,?,?,DIVISION 2
213,MILES COLLEGE,?,?,?,?,DIVISION 2
214,MILLERSVILLE,?,?,?,?,DIVISION 2
215,MINNESOTA STATE- MANKATO,?,?,?,?,DIVISION 2
216,MINOT STATE,?,?,?,?,DIVISION 2
217,MISSOURI S&T,?,?,?,?,DIVISION 2
218,MISSOURI SOUTHERN ,?,?,?,?,DIVISION 2
219,MISSOURI WESTERN,?,?,?,?,DIVISION 2
220,MOORHEAD ST.-MINNESOTA,?,?,?,?,DIVISION 2
221,MOREHOUSE COLLEGE,?,?,?,?,DIVISION 2
222,NEBRASKA KEARNEY,?,?,?,?,DIVISION 2
223,NEW HAVEN,?,?,?,?,DIVISION 2
224,NEW MEXICO HIGHLANDS,?,?,?,?,DIVISION 2
225,NEWBERRY,?,?,?,?,DIVISION 2
226,NO. EAST OKLAHOMA ST.,?,?,?,?,DIVISION 2
227,NO.WEST OKLAHOMA,?,?,?,?,DIVISION 2
228,NORTH GREENVILLE-S.C.,?,?,?,?,DIVISION 2
229,NORTHERN MICHIGAN,?,?,?,?,DIVISION 2
230,NORTHERN STATE - SD,?,?,?,?,DIVISION 2
231,NORTHWEST MISSOURI ST.,?,?,?,?,DIVISION 2
232,NORTHWOOD,?,?,?,?,DIVISION 2
233,NOTRE DAME - OHIO,?,?,?,?,DIVISION 2
234,OHIO DOMINICAN,?,?,?,?,DIVISION 2
235,OKLAHOMA BAPTIST,?,?,?,?,DIVISION 2
236,OUACHITA BAPTIST,?,?,?,?,DIVISION 2
237,PACE,?,?,?,?,DIVISION 2
238,PITTSBURG STATE,?,?,?,?,DIVISION 2
239,QUINCY UNIVERSITY,?,?,?,?,DIVISION 2
240,SAGINAW VALLEY STATE,?,?,?,?,DIVISION 2
241,SAINT CLOUD STATE,?,?,?,?,DIVISION 2
242,SAVANNAH STATE,?,?,?,?,DIVISION 2
243,SETON HILL,?,?,?,?,DIVISION 2
244,SHAW,?,?,?,?,DIVISION 2
245,SHEPHERD COLLEGE,?,?,?,?,DIVISION 2
246,SHIPPENSBURG,?,?,?,?,DIVISION 2
247,SHORTER,?,?,?,?,DIVISION 2
248,SIMON FRASER,?,?,?,?,DIVISION 2
249,SIOUX FALLS,?,?,?,?,DIVISION 2
250,SLIPPERY ROCK,?,?,?,?,DIVISION 2
251,SO. EAST. OKLAHOMA ST.,?,?,?,?,DIVISION 2
252,SO. WEST. OKLAHOMA ST.,?,?,?,?,DIVISION 2
253,SO.WESTERN STATE-MINNE.,?,?,?,?,DIVISION 2
254,SOUTH DAKOTA TECH,?,?,?,?,DIVISION 2
255,SOUTHERN ARKANSAS,?,?,?,?,DIVISION 2
256,SOUTHERN CONNECTICUT,?,?,?,?,DIVISION 2
257,SOUTHERN NAZARENE,?,?,?,?,DIVISION 2
258,SOUTHWEST BAPTIST,?,?,?,?,DIVISION 2
259,ST. AUGUSTINE,?,?,?,?,DIVISION 2
260,ST.ANSELM,?,?,?,?,DIVISION 2
261,STONEHILL COLLEGE,?,?,?,?,DIVISION 2
262,TAMU - COMMERCE,?,?,?,?,DIVISION 2
263,TAMU - KINGSVILLE,?,?,?,?,DIVISION 2
264,TARLETON STATE,?,?,?,?,DIVISION 2
265,TEXAS PERMIAN BASIN,?,?,?,?,DIVISION 2
266,TIFFIN,?,?,?,?,DIVISION 2
267,TRUMAN STATE,?,?,?,?,DIVISION 2
268,TUSCULUM,?,?,?,?,DIVISION 2
269,TUSKEGEE UNIVERSITY,?,?,?,?,DIVISION 2
270,UNC-PEMBROKE,?,?,?,?,DIVISION 2
271,UPPER IOWA,?,?,?,?,DIVISION 2
272,URBANA,?,?,?,?,DIVISION 2
273,VALDOSTA STATE,?,?,?,?,DIVISION 2
274,VIRGINIA STATE,?,?,?,?,DIVISION 2
275,VIRGINIA UNION,?,?,?,?,DIVISION 2
276,VIRGINIA-WISE,?,?,?,?,DIVISION 2
277,WALSH,?,?,?,?,DIVISION 2
278,WASHBURN,?,?,?,?,DIVISION 2
279,WAYNE STATE-MICHIGAN,?,?,?,?,DIVISION 2
280,WAYNE STATE-NEBRASKA,?,?,?,?,DIVISION 2
281,WEST ALABAMA,?,?,?,?,DIVISION 2
282,WEST CHESTER,?,?,?,?,DIVISION 2
283,WEST FLORIDA,?,?,?,?,DIVISION 2
284,WEST GEORGIA,?,?,?,?,DIVISION 2
285,WEST LIBERTY STATE,?,?,?,?,DIVISION 2
286,WEST TEXAS A&M,?,?,?,?,DIVISION 2
287,WEST VIRGINIA STATE,?,?,?,?,DIVISION 2
288,WEST VIRGINIA WESLEYAN,?,?,?,?,DIVISION 2
289,WESTERN NEW MEXICO,?,?,?,?,DIVISION 2
290,WESTERN OREGON,?,?,?,?,DIVISION 2
291,WESTERN STATE-COLO.,?,?,?,?,DIVISION 2
292,WHEELING JESUIT,?,?,?,?,DIVISION 2
293,WILLIAM JEWELL,?,?,?,?,DIVISION 2
294,WINGATE,?,?,?,?,DIVISION 2
295,WINONA STATE,?,?,?,?,DIVISION 2
296,WINSTON-SALEM,?,?,?,?,DIVISION 2
297,ADRIAN,?,?,?,?,DIVISION 3
298,ALBION,?,?,?,?,DIVISION 3
299,ALBRIGHT,?,?,?,?,DIVISION 3
300,ALFRED,?,?,?,?,DIVISION 3
301,ALFRED STATE,?,?,?,?,DIVISION 3
302,ALLEGHENY,?,?,?,?,DIVISION 3
303,ALMA,?,?,?,?,DIVISION 3
304,ALVERNIA,?,?,?,?,DIVISION 3
305,AMHERST,?,?,?,?,DIVISION 3
306,ANDERSON,?,?,?,?,DIVISION 3
307,ANNA MARIA,?,?,?,?,DIVISION 3
308,AUGSBURG,?,?,?,?,DIVISION 3
309,AUGUSTANA-ILL.,?,?,?,?,DIVISION 3
310,AURORA,?,?,?,?,DIVISION 3
311,AUSTIN COLLEGE,?,?,?,?,DIVISION 3
312,AVERETT COLLEGE,?,?,?,?,DIVISION 3
313,BALDWIN-WALLACE,?,?,?,?,DIVISION 3
314,BATES,?,?,?,?,DIVISION 3
315,BECKER,?,?,?,?,DIVISION 3
316,BELHAVEN,?,?,?,?,DIVISION 3
317,BELOIT,?,?,?,?,DIVISION 3
318,BENEDICTINE - ILL,?,?,?,?,DIVISION 3
319,BERRY,?,?,?,?,DIVISION 3
320,BETHANY-WEST VIRGINIA,?,?,?,?,DIVISION 3
321,BETHEL-MINNESOTA,?,?,?,?,DIVISION 3
322,BIRMINGHAM-SOUTHERN,?,?,?,?,DIVISION 3
323,BLUFFTON,?,?,?,?,DIVISION 3
324,BOWDOIN,?,?,?,?,DIVISION 3
325,BREVARD -NC,?,?,?,?,DIVISION 3
326,BRIDGEWATER-MASS.,?,?,?,?,DIVISION 3
327,BRIDGEWATER-VA.,?,?,?,?,DIVISION 3
328,BROCKPORT STATE,?,?,?,?,DIVISION 3
329,BUENA VISTA,?,?,?,?,DIVISION 3
330,BUFFALO STATE,?,?,?,?,DIVISION 3
331,CALIFORNIA LUTHERAN,?,?,?,?,DIVISION 3
332,CAPITAL,?,?,?,?,DIVISION 3
333,CARLETON,?,?,?,?,DIVISION 3
334,CARNEGIE MELLON,?,?,?,?,DIVISION 3
335,CARROLL-WISCONSIN,?,?,?,?,DIVISION 3
336,CARTHAGE,?,?,?,?,DIVISION 3
337,CASE WESTERN,?,?,?,?,DIVISION 3
338,CASTLETON STATE,?,?,?,?,DIVISION 3
339,CATHOLIC UNIVERSITY,?,?,?,?,DIVISION 3
340,CENTRAL COLLEGE-IOWA,?,?,?,?,DIVISION 3
341,CENTRE,?,?,?,?,DIVISION 3
342,CHAPMAN,?,?,?,?,DIVISION 3
343,CHICAGO,?,?,?,?,DIVISION 3
344,CHRISTOPHER NEWPORT,?,?,?,?,DIVISION 3
345,CLAREMONT-MUDD- SCRIPPS,?,?,?,?,DIVISION 3
346,COAST GUARD,?,?,?,?,DIVISION 3
347,COE,?,?,?,?,DIVISION 3
348,COLBY,?,?,?,?,DIVISION 3
349,CONCORDIA - ILL,?,?,?,?,DIVISION 3
350,CONCORDIA WISC.,?,?,?,?,DIVISION 3
351,CONCORDIA-MOORHEAD,?,?,?,?,DIVISION 3
352,CORNELL-IA.,?,?,?,?,DIVISION 3
353,CORTLAND STATE,?,?,?,?,DIVISION 3
354,CROWN,?,?,?,?,DIVISION 3
355,CURRY,?,?,?,?,DIVISION 3
356,DARTMOUTH-MASS.,?,?,?,?,DIVISION 3
357,DEAN,?,?,?,?,DIVISION 3
358,DEFIANCE,?,?,?,?,DIVISION 3
359,DELAWARE VALLEY,?,?,?,?,DIVISION 3
360,DENISON,?,?,?,?,DIVISION 3
361,DEPAUW,?,?,?,?,DIVISION 3
362,DICKINSON,?,?,?,?,DIVISION 3
363,DUBUQUE,?,?,?,?,DIVISION 3
364,EAST TEXAS BAPTIST,?,?,?,?,DIVISION 3
365,ELMHURST,?,?,?,?,DIVISION 3
366,EMORY & HENRY,?,?,?,?,DIVISION 3
367,ENDICOTT,?,?,?,?,DIVISION 3
368,EUREKA,?,?,?,?,DIVISION 3
369,F.D.U.- FLORHAM PARK,?,?,?,?,DIVISION 3
370,FERRUM COLLEGE,?,?,?,?,DIVISION 3
371,FINLANDIA,?,?,?,?,DIVISION 3
372,FITCHBURG,?,?,?,?,DIVISION 3
373,FRAMINGHAM STATE,?,?,?,?,DIVISION 3
374,FRANKLIN & MARSHALL,?,?,?,?,DIVISION 3
375,FRANKLIN COLLEGE,?,?,?,?,DIVISION 3
376,GALLAUDET,?,?,?,?,DIVISION 3
377,GENEVA,?,?,?,?,DIVISION 3
378,GEORGE FOX,?,?,?,?,DIVISION 3
379,GETTYSBURG,?,?,?,?,DIVISION 3
380,GREENSBORO COLLEGE,?,?,?,?,DIVISION 3
381,GREENVILLE,?,?,?,?,DIVISION 3
382,GRINNELL,?,?,?,?,DIVISION 3
383,GROVE CITY,?,?,?,?,DIVISION 3
384,GUILFORD,?,?,?,?,DIVISION 3
385,GUSTAVUS ADOLPHUS,?,?,?,?,DIVISION 3
386,HAMILTON,?,?,?,?,DIVISION 3
387,HAMLINE,?,?,?,?,DIVISION 3
388,HAMPDEN-SYDNEY,?,?,?,?,DIVISION 3
389,HANOVER,?,?,?,?,DIVISION 3
390,HARDIN-SIMMONS,?,?,?,?,DIVISION 3
391,HARTWICK,?,?,?,?,DIVISION 3
392,HEIDELBERG,?,?,?,?,DIVISION 3
393,HENDRIX,?,?,?,?,DIVISION 3
394,HIRAM,?,?,?,?,DIVISION 3
395,HOBART,?,?,?,?,DIVISION 3
396,HOPE,?,?,?,?,DIVISION 3
397,HOWARD PAYNE,?,?,?,?,DIVISION 3
398,HUNTINGDON-ALA.,?,?,?,?,DIVISION 3
399,HUSSON-MAINE,?,?,?,?,DIVISION 3
400,ILLINOIS COLLEGE,?,?,?,?,DIVISION 3
401,ILLINOIS WESLEYAN,?,?,?,?,DIVISION 3
402,IOWA-WESLEYAN,?,?,?,?,DIVISION 3
403,ITHACA,?,?,?,?,DIVISION 3
404,JOHN CARROLL,?,?,?,?,DIVISION 3
405,JOHNS HOPKINS,?,?,?,?,DIVISION 3
406,JUNIATA,?,?,?,?,DIVISION 3
407,KALAMAZOO,?,?,?,?,DIVISION 3
408,KEAN,?,?,?,?,DIVISION 3
409,KENYON,?,?,?,?,DIVISION 3
410,HAWAII,?,?,?,?,DIVISION 3
411,KNOX,?,?,?,?,DIVISION 3
412,LA VERNE,?,?,?,?,DIVISION 3
413,LAGRANGE,?,?,?,?,DIVISION 3
414,LAKE FOREST,?,?,?,?,DIVISION 3
415,LAKELAND COLLEGE,?,?,?,?,DIVISION 3
416,LAWRENCE,?,?,?,?,DIVISION 3
417,LEBANON VALLEY,?,?,?,?,DIVISION 3
418,LEWIS & CLARK,?,?,?,?,DIVISION 3
419,LINFIELD,?,?,?,?,DIVISION 3
420,LORAS,?,?,?,?,DIVISION 3
421,LOUISIANA COLLEGE,?,?,?,?,DIVISION 3
422,LUTHER,?,?,?,?,DIVISION 3
423,LYCOMING,?,?,?,?,DIVISION 3
424,M.I.T.,?,?,?,?,DIVISION 3
425,MACALESTER,?,?,?,?,DIVISION 3
426,MACMURRAY,?,?,?,?,DIVISION 3
427,MAINE MARITIME,?,?,?,?,DIVISION 3
428,MANCHESTER COLLEGE,?,?,?,?,DIVISION 3
429,MARIETTA,?,?,?,?,DIVISION 3
430,MARTIN LUTHER-MN,?,?,?,?,DIVISION 3
431,MARY HARDIN BAYLOR,?,?,?,?,DIVISION 3
432,MARYVILLE COLLEGE,?,?,?,?,DIVISION 3
433,MASS-MARITIME,?,?,?,?,DIVISION 3
434,McDANIEL,?,?,?,?,DIVISION 3
435,McMURRY,?,?,?,?,DIVISION 3
436,MERCHANT MARINE,?,?,?,?,DIVISION 3
437,METHODIST COLLEGE,?,?,?,?,DIVISION 3
438,MIDDLEBURY,?,?,?,?,DIVISION 3
439,MILLIKIN,?,?,?,?,DIVISION 3
440,MILLSAPS,?,?,?,?,DIVISION 3
441,MISERICORDIA,?,?,?,?,DIVISION 3
442,MISSISSIPPI COLLEGE,?,?,?,?,DIVISION 3
443,MONMOUTH-IL,?,?,?,?,DIVISION 3
444,MONTCLAIR,?,?,?,?,DIVISION 3
445,MORAVIAN,?,?,?,?,DIVISION 3
446,MORRIS-MINNESOTA,?,?,?,?,DIVISION 3
447,MORRISVILLE STATE - NY,?,?,?,?,DIVISION 3
448,MOUNT SAINT JOSEPH,?,?,?,?,DIVISION 3
449,MOUNT UNION,?,?,?,?,DIVISION 3
450,MUHLENBERG COLLEGE,?,?,?,?,DIVISION 3
451,MUSKINGUM,?,?,?,?,DIVISION 3
452,NEBRASKA WESLEYAN,?,?,?,?,DIVISION 3
453,NEW JERSEY,?,?,?,?,DIVISION 3
454,NICHOLS,?,?,?,?,DIVISION 3
455,NORTH CENTRAL-ILL,?,?,?,?,DIVISION 3
456,NORTH PARK,?,?,?,?,DIVISION 3
457,NORTHWESTERN-MN.,?,?,?,?,DIVISION 3
458,NORWICH,?,?,?,?,DIVISION 3
459,OBERLIN,?,?,?,?,DIVISION 3
460,OCCIDENTAL,?,?,?,?,DIVISION 3
461,OHIO NORTHERN,?,?,?,?,DIVISION 3
462,OHIO WESLYAN,?,?,?,?,DIVISION 3
463,OLIVET,?,?,?,?,DIVISION 3
464,OTTERBEIN,?,?,?,?,DIVISION 3
465,PACIFIC - OR,?,?,?,?,DIVISION 3
466,PACIFIC LUTHERAN,?,?,?,?,DIVISION 3
467,PLYMOUTH STATE,?,?,?,?,DIVISION 3
468,POMONA PITZER,?,?,?,?,DIVISION 3
469,PUGET SOUND,?,?,?,?,DIVISION 3
470,RANDOLPH-MACON,?,?,?,?,DIVISION 3
471,REDLANDS,?,?,?,?,DIVISION 3
472,RENSSELAER POLY-TECH,?,?,?,?,DIVISION 3
473,RHODES COLLEGE,?,?,?,?,DIVISION 3
474,RIPON,?,?,?,?,DIVISION 3
475,ROCHESTER,?,?,?,?,DIVISION 3
476,ROCKFORD,?,?,?,?,DIVISION 3
477,ROSE-HULMAN,?,?,?,?,DIVISION 3
478,ROWAN,?,?,?,?,DIVISION 3
479,SALISBURY,?,?,?,?,DIVISION 3
480,SALVE REGINA,?,?,?,?,DIVISION 3
481,SEWANEE,?,?,?,?,DIVISION 3
482,SHENANDOAH COLLEGE,?,?,?,?,DIVISION 3
483,SIMPSON,?,?,?,?,DIVISION 3
484,SOUTHERN VIRGINIA,?,?,?,?,DIVISION 3
485,SOUTHWESTERN - TX,?,?,?,?,DIVISION 3
486,SPRINGFIELD,?,?,?,?,DIVISION 3
487,ST. JOHN FISHER,?,?,?,?,DIVISION 3
488,ST. LAWRENCE,?,?,?,?,DIVISION 3
489,ST. SCHOLASTICA,?,?,?,?,DIVISION 3
490,ST. VINCENT,?,?,?,?,DIVISION 3
491,ST.JOHNS-MINNESOTA,?,?,?,?,DIVISION 3
492,ST.NORBERT,?,?,?,?,DIVISION 3
493,ST.OLAF,?,?,?,?,DIVISION 3
494,ST.THOMAS,?,?,?,?,DIVISION 3
495,STEVENSON,?,?,?,?,DIVISION 3
496,SUL ROSS STATE,?,?,?,?,DIVISION 3
497,SUNY - MARITIME,?,?,?,?,DIVISION 3
498,SUSQUEHANNA,?,?,?,?,DIVISION 3
499,TEXAS LUTHERAN,?,?,?,?,DIVISION 3
500,THIEL,?,?,?,?,DIVISION 3
501,TRINE,?,?,?,?,DIVISION 3
502,TRINITY COLLEGE - CT,?,?,?,?,DIVISION 3
503,TRINITY-TEXAS,?,?,?,?,DIVISION 3
504,TUFTS,?,?,?,?,DIVISION 3
505,U O F NEW ENGLAND,?,?,?,?,DIVISION 3
506,UNION COLLEGE-NY ,?,?,?,?,DIVISION 3
507,URSINUS COLLEGE,?,?,?,?,DIVISION 3
508,UTICA,?,?,?,?,DIVISION 3
509,WABASH,?,?,?,?,DIVISION 3
510,WARTBURG,?,?,?,?,DIVISION 3
511,WASHINGTON & JEFFERSON,?,?,?,?,DIVISION 3
512,WASHINGTON & LEE,?,?,?,?,DIVISION 3
513,WASHINGTON-MO.,?,?,?,?,DIVISION 3
514,WAYNESBURG,?,?,?,?,DIVISION 3
515,WESLEY COLLEGE,?,?,?,?,DIVISION 3
516,WESLEYAN-CONN.,?,?,?,?,DIVISION 3
517,WESLEYAN-NORTH CAROLINA,?,?,?,?,DIVISION 3
518,WESTERN CONNECTICUT,?,?,?,?,DIVISION 3
519,WESTERN NEW ENGLAND,?,?,?,?,DIVISION 3
520,WESTFIELD-MASS.,?,?,?,?,DIVISION 3
521,WESTMINSTER-MO.,?,?,?,?,DIVISION 3
522,WESTMINSTER-PA,?,?,?,?,DIVISION 3
523,WHEATON COLLEGE,?,?,?,?,DIVISION 3
524,WHITTIER COLLEGE,?,?,?,?,DIVISION 3
525,WHITWORTH,?,?,?,?,DIVISION 3
526,WIDENER,?,?,?,?,DIVISION 3
527,WILKES,?,?,?,?,DIVISION 3
528,WILLAMETTE,?,?,?,?,DIVISION 3
529,WILLIAM PATERSON,?,?,?,?,DIVISION 3
530,WILLIAMS COLLEGE,?,?,?,?,DIVISION 3
531,WILMINGTON OHIO,?,?,?,?,DIVISION 3
532,WISCONSIN-EAU CLAIRE,?,?,?,?,DIVISION 3
533,WISCONSIN-La CROSSE,?,?,?,?,DIVISION 3
534,WISCONSIN-LUTHERAN,?,?,?,?,DIVISION 3
535,WISCONSIN-OSHKOSH,?,?,?,?,DIVISION 3
536,WISCONSIN-PLATTEVILLE,?,?,?,?,DIVISION 3
537,WISCONSIN-RIVER FALLS,?,?,?,?,DIVISION 3
538,WISCONSIN-STEVENS POINT,?,?,?,?,DIVISION 3
539,WISCONSIN-STOUT,?,?,?,?,DIVISION 3
540,WISCONSIN-WHITEWATER,?,?,?,?,DIVISION 3
541,WITTENBERG,?,?,?,?,DIVISION 3
542,WOOSTER,?,?,?,?,DIVISION 3
543,WORCESTER STATE,?,?,?,?,DIVISION 3
544,WORCESTER TECH (W.P.I.),?,?,?,?,DIVISION 3
545,ABILENE CHRISTIAN,?,?,?,?,Championship Subdivision
546,ALABAMA A&M,?,?,?,?,Championship Subdivision
547,ALABAMA STATE,?,?,?,?,Championship Subdivision
548,ALBANY-NY,?,?,?,?,Championship Subdivision
549,ALCORN STATE,?,?,?,?,Championship Subdivision
550,AUSTIN PEAY,?,?,?,?,Championship Subdivision
551,BETHUNE-COOKMAN,?,?,?,?,Championship Subdivision
552,BROWN,?,?,?,?,Championship Subdivision
553,BRYANT COLLEGE,?,?,?,?,Championship Subdivision
554,BUCKNELL,?,?,?,?,Championship Subdivision
555,BUTLER,?,?,?,?,Championship Subdivision
556,CAL-DAVIS,?,?,?,?,Championship Subdivision
557,CAL-POLY (SAN LOUIS OBISPO),?,?,?,?,Championship Subdivision
558,CAL-SACRAMENTO,?,?,?,?,Championship Subdivision
559,CAMPBELL,?,?,?,?,Championship Subdivision
560,CENTRAL ARKANSAS,?,?,?,?,Championship Subdivision
561,CENTRAL CONNECTICUT ST.,?,?,?,?,Championship Subdivision
562,CHARLESTON SOUTHERN,?,?,?,?,Championship Subdivision
563,CHATTANOOGA-TENNESSEE,?,?,?,?,Championship Subdivision
564,COLGATE,?,?,?,?,Championship Subdivision
565,COLUMBIA,?,?,?,?,Championship Subdivision
566,CORNELL,?,?,?,?,Championship Subdivision
567,DARTMOUTH,?,?,?,?,Championship Subdivision
568,DAVIDSON,?,?,?,?,Championship Subdivision
569,DAYTON,?,?,?,?,Championship Subdivision
570,DELAWARE,?,?,?,?,Championship Subdivision
571,DELAWARE STATE,?,?,?,?,Championship Subdivision
572,DRAKE,?,?,?,?,Championship Subdivision
573,DUQUESNE,?,?,?,?,Championship Subdivision
574,EAST TENNESSEE STATE,?,?,?,?,Championship Subdivision
575,EASTERN ILLINOIS,?,?,?,?,Championship Subdivision
576,EASTERN KENTUCKY,?,?,?,?,Championship Subdivision
577,EASTERN WASHINGTON,?,?,?,?,Championship Subdivision
578,ELON,?,?,?,?,Championship Subdivision
579,FLORIDA A&M,?,?,?,?,Championship Subdivision
580,FORDHAM,?,?,?,?,Championship Subdivision
581,FURMAN,?,?,?,?,Championship Subdivision
582,GARDNER-WEBB,?,?,?,?,Championship Subdivision
583,GEORGETOWN-DC,?,?,?,?,Championship Subdivision
584,GRAMBLING,?,?,?,?,Championship Subdivision
585,HAMPTON,?,?,?,?,Championship Subdivision
586,HARVARD,?,?,?,?,Championship Subdivision
587,HOLY CROSS,?,?,?,?,Championship Subdivision
588,HOUSTON BAPTIST,?,?,?,?,Championship Subdivision
589,HOWARD,?,?,?,?,Championship Subdivision
590,IDAHO,?,?,?,?,Championship Subdivision
591,IDAHO STATE,?,?,?,?,Championship Subdivision
592,ILLINOIS STATE,?,?,?,?,Championship Subdivision
593,INCARNATE WORD,?,?,?,?,Championship Subdivision
594,INDIANA STATE,?,?,?,?,Championship Subdivision
595,JACKSON STATE,?,?,?,?,Championship Subdivision
596,JACKSONVILLE STATE,?,?,?,?,Championship Subdivision
597,JACKSONVILLE-FLA,?,?,?,?,Championship Subdivision
598,JAMES MADISON,?,?,?,?,Championship Subdivision
599,KENNESAW STATE,?,?,?,?,Championship Subdivision
600,L.I.U. - POST,?,?,?,?,Championship Subdivision
601,LAFAYETTE,?,?,?,?,Championship Subdivision
602,LAMAR,?,?,?,?,Championship Subdivision
603,LEHIGH,?,?,?,?,Championship Subdivision
604,MAINE,?,?,?,?,Championship Subdivision
605,MARIST,?,?,?,?,Championship Subdivision
606,MCNEESE STATE,?,?,?,?,Championship Subdivision
607,MERCER,?,?,?,?,Championship Subdivision
608,MERRIMACK,?,?,?,?,Championship Subdivision
609,MISSISSIPPI VALLEY STATE,?,?,?,?,Championship Subdivision
610,MISSOURI STATE,?,?,?,?,Championship Subdivision
611,MONMOUTH-NJ,?,?,?,?,Championship Subdivision
612,MONTANA,?,?,?,?,Championship Subdivision
613,MONTANA STATE,?,?,?,?,Championship Subdivision
614,MOREHEAD STATE,?,?,?,?,Championship Subdivision
615,MORGAN STATE,?,?,?,?,Championship Subdivision
616,MURRAY STATE,?,?,?,?,Championship Subdivision
617,NEW HAMPSHIRE,?,?,?,?,Championship Subdivision
618,NICHOLLS STATE,?,?,?,?,Championship Subdivision
619,NORFOLK STATE,?,?,?,?,Championship Subdivision
620,NORTH ALABAMA,?,?,?,?,Championship Subdivision
621,NORTH CAROLINA A&T,?,?,?,?,Championship Subdivision
622,NORTH CAROLINA CENTRAL,?,?,?,?,Championship Subdivision
623,NORTH DAKOTA,?,?,?,?,Championship Subdivision
624,NORTH DAKOTA STATE,?,?,?,?,Championship Subdivision
625,NORTHERN ARIZONA,?,?,?,?,Championship Subdivision
626,NORTHERN COLORADO,?,?,?,?,Championship Subdivision
627,NORTHERN IOWA,?,?,?,?,Championship Subdivision
628,NORTHWESTERN STATE-LA,?,?,?,?,Championship Subdivision
629,PENNSYLVANIA,?,?,?,?,Championship Subdivision
630,PINE BLUFF-ARKANSAS,?,?,?,?,Championship Subdivision
631,PORTLAND STATE,?,?,?,?,Championship Subdivision
632,PRAIRIE VIEW A&M,?,?,?,?,Championship Subdivision
633,PRESBYTERIAN,?,?,?,?,Championship Subdivision
634,PRINCETON,?,?,?,?,Championship Subdivision
635,RHODE ISLAND,?,?,?,?,Championship Subdivision
636,RICHMOND,?,?,?,?,Championship Subdivision
637,ROBERT MORRIS - PA,?,?,?,?,Championship Subdivision
638,S.F.AUSTIN,?,?,?,?,Championship Subdivision
639,SACRED HEART,?,?,?,?,Championship Subdivision
640,SAM HOUSTON,?,?,?,?,Championship Subdivision
641,SAMFORD,?,?,?,?,Championship Subdivision
642,SAN DIEGO,?,?,?,?,Championship Subdivision
643,SO. EAST LOUISIANA,?,?,?,?,Championship Subdivision
644,SOUTH CAROLINA STATE,?,?,?,?,Championship Subdivision
645,SOUTH DAKOTA,?,?,?,?,Championship Subdivision
646,SOUTH DAKOTA STATE,?,?,?,?,Championship Subdivision
647,SOUTH EASTERN MISSOURI,?,?,?,?,Championship Subdivision
648,SOUTHERN ILLINOIS,?,?,?,?,Championship Subdivision
649,SOUTHERN UNIVERSITY,?,?,?,?,Championship Subdivision
650,SOUTHERN UTAH,?,?,?,?,Championship Subdivision
651,ST.FRANCIS-PA,?,?,?,?,Championship Subdivision
652,STETSON,?,?,?,?,Championship Subdivision
653,STONY BROOK,?,?,?,?,Championship Subdivision
654,TENNESSEE STATE,?,?,?,?,Championship Subdivision
655,TENNESSEE TECH,?,?,?,?,Championship Subdivision
656,TENNESSEE-MARTIN,?,?,?,?,Championship Subdivision
657,TEXAS SOUTHERN,?,?,?,?,Championship Subdivision
658,THE CITADEL,?,?,?,?,Championship Subdivision
659,TOWSON,?,?,?,?,Championship Subdivision
660,VALPARAISO,?,?,?,?,Championship Subdivision
661,VILLANOVA,?,?,?,?,Championship Subdivision
662,VIRGINIA MILITARY INSTITUTE,?,?,?,?,Championship Subdivision
663,WAGNER,?,?,?,?,Championship Subdivision
664,WEBER STATE,?,?,?,?,Championship Subdivision
665,WESTERN CAROLINA,?,?,?,?,Championship Subdivision
666,WESTERN ILLINOIS,?,?,?,?,Championship Subdivision
667,WILLIAM & MARY,?,?,?,?,Championship Subdivision
668,WOFFORD,?,?,?,?,Championship Subdivision
669,YALE,?,?,?,?,Championship Subdivision
670,YOUNGSTOWN STATE,?,?,?,?,Championship Subdivision
671,ALLEN (SC),?,?,?,?,NAIA
672,ARIZONA CHRISTIAN,?,?,?,?,NAIA
673,AVE MARIA-FLA,?,?,?,?,NAIA
674,AVILA,?,?,?,?,NAIA
675,BAKER,?,?,?,?,NAIA
676,BENEDICTINE-KANSAS,?,?,?,?,NAIA
677,BETHANY KANSAS,?,?,?,?,NAIA
678,BETHEL KANSAS,?,?,?,?,NAIA
679,BETHEL-TN.,?,?,?,?,NAIA
680,BLUFIELD,?,?,?,?,NAIA
681,BRIAR CLIFF,?,?,?,?,NAIA
682,CAMPBELLSVILLE,?,?,?,?,NAIA
683,CARROLL-MONTANA,?,?,?,?,NAIA
684,CENTRAL METHODIST,?,?,?,?,NAIA
685,CINCINNATI CHRISTIAN,?,?,?,?,NAIA
686,CLARKE - IOWA,?,?,?,?,NAIA
687,COLLEGE OF IDAHO,?,?,?,?,NAIA
688,CONCORDIA – MICHIGAN,?,?,?,?,NAIA
689,CONCORDIA-NEBRASKA,?,?,?,?,NAIA
690,CULVER-STOCKTON,?,?,?,?,NAIA
691,CUMBERLAND-TN.,?,?,?,?,NAIA
692,DAKOTA STATE-SD.,?,?,?,?,NAIA
693,DAKOTA-WESLEYAN SD.,?,?,?,?,NAIA
694,DICKINSON STATE,?,?,?,?,NAIA
695,DOANE,?,?,?,?,NAIA
696,DORDT,?,?,?,?,NAIA
697,EASTERN OREGON,?,?,?,?,NAIA
698,EDWARD WATERS,?,?,?,?,NAIA
699,EVANGEL,?,?,?,?,NAIA
700,FAULKNER - ALABAMA,?,?,?,?,NAIA
701,FRIENDS,?,?,?,?,NAIA
702,GEORGETOWN-KY.,?,?,?,?,NAIA
703,GRACELAND,?,?,?,?,NAIA
704,GRAND VIEW,?,?,?,?,NAIA
705,HASTINGS,?,?,?,?,NAIA
706,INDIANA WESLEYAN,?,?,?,?,NAIA
707,JAMESTOWN,?,?,?,?,NAIA
708,KANSAS WESLEYAN,?,?,?,?,NAIA
709,KENTUCKY CHRISTIAN,?,?,?,?,NAIA
710,KIESER - FLA,?,?,?,?,NAIA
711,LANGSTON,?,?,?,?,NAIA
712,LAWRENCE TECH (MI),?,?,?,?,NAIA
713,LINDENWOOD - BELLEVILLE,?,?,?,?,NAIA
714,LINSEY WILSON - KY,?,?,?,?,NAIA
715,LYON COLLEGE,?,?,?,?,NAIA
716,MARIAN - INDIANA,?,?,?,?,NAIA
717,MAYVILLE STATE,?,?,?,?,NAIA
718,McPHERSON,?,?,?,?,NAIA
719,MID-AMERICA NAZARENE,?,?,?,?,NAIA
720,MIDLAND - NE,?,?,?,?,NAIA
721,MISSOURI BAPTIST,?,?,?,?,NAIA
722,MISSOURI VALLEY,?,?,?,?,NAIA
723,MONTANA - WESTERN,?,?,?,?,NAIA
724,MONTANA STATE-NORTH,?,?,?,?,NAIA
725,MONTANA TECH,?,?,?,?,NAIA
726,MORNINGSIDE,?,?,?,?,NAIA
727,NORTHWESTERN-IOWA,?,?,?,?,NAIA
728,OLIVET NAZARENE,?,?,?,?,NAIA
729,OTTAWA (AZ),?,?,?,?,NAIA
730,OTTAWA-KANSAS,?,?,?,?,NAIA
731,PANHANDLE STATE - OK,?,?,?,?,NAIA
732,PERU STATE,?,?,?,?,NAIA
733,PIKEVILLE,?,?,?,?,NAIA
734,POINT,?,?,?,?,NAIA
735,PRESENTATION - SD,?,?,?,?,NAIA
736,REINHARDT,?,?,?,?,NAIA
737,ROBERT MORRIS-ILL,?,?,?,?,NAIA
738,ROCKY MOUNTAIN,?,?,?,?,NAIA
739,S W ASSMEMBLY OF GOD,?,?,?,?,NAIA
740,SIENA HEIGHTS,?,?,?,?,NAIA
741,SOUTHEASTERN -FLA,?,?,?,?,NAIA
742,SOUTHERN OREGON,?,?,?,?,NAIA
743,SOUTHWESTERN-KANSAS,?,?,?,?,NAIA
744,ST. ANDREWS- N.C.,?,?,?,?,NAIA
745,ST. THOMAS - FLA,?,?,?,?,NAIA
746,ST.AMBROSE,?,?,?,?,NAIA
747,ST.FRANCIS-ILL,?,?,?,?,NAIA
748,ST.FRANCIS-IND.,?,?,?,?,NAIA
749,ST.MARY-KANSAS,?,?,?,?,NAIA
750,ST.XAVIER,?,?,?,?,NAIA
751,STERLING,?,?,?,?,NAIA
752,TABOR,?,?,?,?,NAIA
753,TAYLOR,?,?,?,?,NAIA
754,TEXAS COLLEGE,?,?,?,?,NAIA
755,TEXAS WESLEYAN,?,?,?,?,NAIA
756,THOMAS MORE,?,?,?,?,NAIA
757,TRINITY INTERNATIONAL-ILL,?,?,?,?,NAIA
758,UNION-KY.,?,?,?,?,NAIA
759,UNIV. OF CUMBERLANDS-KY,?,?,?,?,NAIA
760,VALLEY CITY STATE,?,?,?,?,NAIA
761,WALDORF,?,?,?,?,NAIA
762,WARNER,?,?,?,?,NAIA
763,WAYLAND BAPTIST,?,?,?,?,NAIA
764,WEBBER INTERNATIONAL,?,?,?,?,NAIA
765,WILLIAM PENN,?,?,?,?,NAIA
766,APPRENTICE-NEWPORT NEWS,?,?,?,?,INDEPENDENT
767,LEWIS & CLARK VALLEY,?,?,?,?,INDEPENDENT
768,TRINITY BIBLE,?,?,?,?,INDEPENDENT
769,VIRGINIA - LYNCHBURG,?,?,?,?,INDEPENDENT
